Name,Platforms,Views,Content Type,Publish Status,Post Caption
"Faz shows how she runs 15 baskets at once with Titan Batch Flow 🙌
Less back-and-forth. More time for patients.

#pharmacy #pharmacylife #communitypharmacy #healthtech #TitanPMR #pmrreimagined #AIinHealthcare (1)","TIKTOK@titanpmr, YT@titanpmr",21396,,✅ Published,"Faz shows how she runs 15 baskets at once with Titan Batch Flow 🙌
Less back-and-forth. More time for patients.

#pharmacy #pharmacylife #communitypharmacy #healthtech #TitanPMR #pmrreimagined #AIinHealthcare"
"Faz shows how she runs 15 baskets at once with Titan Batch Flow 🙌
Less back-and-forth. More time for patients.

#pharmacy #pharmacylife #communitypharmacy #healthtech #TitanPMR #pmrreimagined #AIinHealthcare","TIKTOK@titanpmr, YT@titanpmr",21396,,✅ Published,"Faz shows how she runs 15 baskets at once with Titan Batch Flow 🙌
Less back-and-forth. More time for patients.

#pharmacy #pharmacylife #communitypharmacy #healthtech #TitanPMR #pmrreimagined #AIinHealthcare"
Prab - From stressed to streamlined. 60% of every basket picked from one spot 🚀 5 years ago? I’d still be drowning in baskets. #PharmacyLife #Efficiency #AIinAction (1),"LI-PAGE@titanpmr, TIKTOK@titanpmr",17361,,✅ Published,
Prab - From stressed to streamlined. 60% of every basket picked from one spot 🚀 5 years ago? I’d still be drowning in baskets. #PharmacyLife #Efficiency #AIinAction,"LI-PAGE@titanpmr, TIKTOK@titanpmr",17361,,✅ Published,
"""If you’re a pharmacy owner or manager, get out of your contracts and switch to Titan—honestly.""

Titan makes life so much easier. Picking stock is effortless—it can handle up to 50 patients at once, giving you an A4 sheet with everything you need. One trip to the shelf covers it all.

Efficiency redefined.
#TITANAdvantage #PharmacyInnovation #WorkSmarter","FB@TITAN PMR, TIKTOK@titanpmr",11654,,✅ Published,
"Nav shows how Titan Mobile makes finding scripts effortless 📦✨
No more lost bags. No more guessing. Just scan, assign, and know exactly where everything is.

#pharmacy #pharmacylife #communitypharmacy #healthtech #TitanPMR #pmrreimagined #AIinHealthcare (1)","TIKTOK@titanpmr, YT@titanpmr",10433,,✅ Published,"Nav shows how Titan Mobile makes finding scripts effortless 📦✨
No more lost bags. No more guessing. Just scan, assign, and know exactly where everything is.

#pharmacy #pharmacylife #communitypharmacy #healthtech #TitanPMR #pmrreimagined #AIinHealthcare"
"Nav shows how Titan Mobile makes finding scripts effortless 📦✨
No more lost bags. No more guessing. Just scan, assign, and know exactly where everything is.

#pharmacy #pharmacylife #communitypharmacy #healthtech #TitanPMR #pmrreimagined #AIinHealthcare","TIKTOK@titanpmr, YT@titanpmr",10433,,✅ Published,"Nav shows how Titan Mobile makes finding scripts effortless 📦✨
No more lost bags. No more guessing. Just scan, assign, and know exactly where everything is.

#pharmacy #pharmacylife #communitypharmacy #healthtech #TitanPMR #pmrreimagined #AIinHealthcare"
"From £70,000 loss to thriving success 💪
Lytham Road Pharmacy cut staff from 28 to 19 and turned a profit — all while growing new services like vaccines and ID Pathfinder.

This is what happens when innovation meets pharmacy.
#TitanPMR #PharmacyShow2025 #PharmacyTransformation #DigitalHealth (1)","TIKTOK@titanpmr, YT@titanpmr",8038,,✅ Published,"From £70,000 loss to thriving success 💪

Lytham Road Pharmacy cut staff from 28 to 19 and turned a profit . 

All while growing new services like vaccines and ID Pathfinder.

This is what happens when innovation meets pharmacy.
#TitanPMR #PharmacyShow2025 #PharmacyTransformation #DigitalHealth"
"From £70,000 loss to thriving success 💪
Lytham Road Pharmacy cut staff from 28 to 19 and turned a profit — all while growing new services like vaccines and ID Pathfinder.

This is what happens when innovation meets pharmacy.
#TitanPMR #PharmacyShow2025 #PharmacyTransformation #DigitalHealth","TIKTOK@titanpmr, YT@titanpmr",8038,,✅ Published,"From £70,000 loss to thriving success 💪

Lytham Road Pharmacy cut staff from 28 to 19 and turned a profit . 

All while growing new services like vaccines and ID Pathfinder.

This is what happens when innovation meets pharmacy.
#TitanPMR #PharmacyShow2025 #PharmacyTransformation #DigitalHealth"
"From Post-it chaos to clear screens. Pharmacy made simple 💊💻
#PharmacyLife #PharmacyTech #FutureOfPharmacy (1)",TIKTOK@titanpmr,7883,,✅ Published,"Remember paper diaries and Post-it notes everywhere?

Rahul’s pharmacy used to run like that too.

Now every script is visible on screen from inbox to handout.
No frantic searching. No paper chaos. Just clear workflows.

👉 Read his full case study: https://www.notion.so/bit.ly/408lMqm

#CommunityPharmacy #PharmacyOwner #PharmacyLife #DigitalPharmacy #PharmacyWorkflow #FutureOfPharmacy"
"From Post-it chaos to clear screens. Pharmacy made simple 💊💻
#PharmacyLife #PharmacyTech #FutureOfPharmacy",TIKTOK@titanpmr,7883,,✅ Published,"Remember paper diaries and Post-it notes everywhere?

Rahul’s pharmacy used to run like that too.

Now every script is visible on screen from inbox to handout.
No frantic searching. No paper chaos. Just clear workflows.

👉 Read his full case study: https://www.notion.so/bit.ly/408lMqm

#CommunityPharmacy #PharmacyOwner #PharmacyLife #DigitalPharmacy #PharmacyWorkflow #FutureOfPharmacy"
Ian - Transforming Pharmacy Roles and Efficiency,TIKTOK@titanpmr,7587,,✅ Published,"It’s only day one—and the dispensary’s already running smoother. 🧠

50 flu jabs done. Zero baskets waiting.

#PharmacyLife #TitanPMR #FluSeasonReady #DigitalWorkflow #PharmacyRoles #FYP"
First day on Titan 💥,TIKTOK@titanpmr,7186,,✅ Published,"Positive first impressions ✅
“It’s easier to use… we’ll find our flow and it’ll be 10x easier.”
Change isn’t easy, but they smashed it.
#TitanPMR #PharmacyTok #PharmacyWorkflow #PharmacyTech #PharmacyTeam #BetterWorkflows #FYP 💡"
"Sagar - From 4K to 17K items 💥
Sagar took over an old-school pharmacy.
Now the dispensary runs without him.

✅ 80% of his time on services
✅ No paper
✅ No chaos

This is what happens when your PMR actually helps.

#PharmacyTok #DigitalPharmacy #PharmacyWorkflow #TitanPMR #ServiceLedPharmacy #PharmacyLife #PharmacyLeadership #ModernPMR #AIinPharmacy (1)","TIKTOK@titanpmr, YT@titanpmr",7139,,✅ Published,"From 4K to 17K items 💥
Sagar took over an old-school pharmacy.
Now the dispensary runs without him.

✅ 80% of his time on services
✅ No paper
✅ No chaos

This is what happens when your PMR actually helps.

#PharmacyTok #DigitalPharmacy #PharmacyWorkflow #TitanPMR #ServiceLedPharmacy #PharmacyLife #PharmacyLeadership #ModernPMR #AIinPharmacy"
"Sagar - From 4K to 17K items 💥
Sagar took over an old-school pharmacy.
Now the dispensary runs without him.

✅ 80% of his time on services
✅ No paper
✅ No chaos

This is what happens when your PMR actually helps.

#PharmacyTok #DigitalPharmacy #PharmacyWorkflow #TitanPMR #ServiceLedPharmacy #PharmacyLife #PharmacyLeadership #ModernPMR #AIinPharmacy","TIKTOK@titanpmr, YT@titanpmr",7139,,✅ Published,"From 4K to 17K items 💥
Sagar took over an old-school pharmacy.
Now the dispensary runs without him.

✅ 80% of his time on services
✅ No paper
✅ No chaos

This is what happens when your PMR actually helps.

#PharmacyTok #DigitalPharmacy #PharmacyWorkflow #TitanPMR #ServiceLedPharmacy #PharmacyLife #PharmacyLeadership #ModernPMR #AIinPharmacy"
"How Rahul doubled services, went fully digital
and saved 20+ hours a week per pharmacist.

Puri Pharmacy handles 18,000+ items across two branches.
Fully paperless. Appointments doubled.
Prescriptions out faster. Staff calm.
Patients? Genuinely impressed.

#TitanPMR #DigitalPharmacy #PharmacyFirst #PharmacyWorkflow #AIinPharmacy #CommunityPharmacy #ModernPMR (1)","TIKTOK@titanpmr, YT@titanpmr",6584,,✅ Published,"How Rahul doubled services, went fully digital
and saved 20+ hours a week per pharmacist.

Puri Pharmacy handles 18,000+ items across two branches.
Fully paperless. Appointments doubled.
Prescriptions out faster. Staff calm.
Patients? Genuinely impressed.

#TitanPMR #DigitalPharmacy #PharmacyFirst #PharmacyWorkflow #AIinPharmacy #CommunityPharmacy #ModernPMR"
"How Rahul doubled services, went fully digital
and saved 20+ hours a week per pharmacist.

Puri Pharmacy handles 18,000+ items across two branches.
Fully paperless. Appointments doubled.
Prescriptions out faster. Staff calm.
Patients? Genuinely impressed.

#TitanPMR #DigitalPharmacy #PharmacyFirst #PharmacyWorkflow #AIinPharmacy #CommunityPharmacy #ModernPMR","TIKTOK@titanpmr, YT@titanpmr",6584,,✅ Published,"How Rahul doubled services, went fully digital
and saved 20+ hours a week per pharmacist.

Puri Pharmacy handles 18,000+ items across two branches.
Fully paperless. Appointments doubled.
Prescriptions out faster. Staff calm.
Patients? Genuinely impressed.

#TitanPMR #DigitalPharmacy #PharmacyFirst #PharmacyWorkflow #AIinPharmacy #CommunityPharmacy #ModernPMR"
"Pharmacy dispensers keep the whole operation moving.
Accuracy. Knowledge. Speed.
And with Titan, every step just flows.
#PharmacyTeam #PharmacyInnovation #TitanPMR (1)","TIKTOK@titanpmr, YT@titanpmr",6159,,✅ Published,"Pharmacy dispensers keep the whole operation moving.
Accuracy. Knowledge. Speed.
And with Titan, every step just flows.
#PharmacyTeam #PharmacyInnovation #TitanPMR"
"Pharmacy dispensers keep the whole operation moving.
Accuracy. Knowledge. Speed.
And with Titan, every step just flows.
#PharmacyTeam #PharmacyInnovation #TitanPMR","TIKTOK@titanpmr, YT@titanpmr",6159,,✅ Published,"Pharmacy dispensers keep the whole operation moving.
Accuracy. Knowledge. Speed.
And with Titan, every step just flows.
#PharmacyTeam #PharmacyInnovation #TitanPMR"
"32,000 items a month.
No overtime.
No owner on-site.
Akbar built a pharmacy that runs itself.
Malia leads from the floor.
Titan handles the chaos.
Now the whole team finishes on time — every time.
This is what scalable pharmacy actually looks like.


#TitanPMR #PharmacyWorkflow #DigitalPharmacy #AIinPharmacy #CommunityPharmacy #PharmacyLeadership #ModernPMR #NMSS #CareHomePharmacy #PharmacyTok (1)","TIKTOK@titanpmr, YT@titanpmr",6063,,✅ Published,"32,000 items a month.
No overtime.
No owner on-site.
Akbar built a pharmacy that runs itself.
Malia leads from the floor.
Titan handles the chaos.
Now the whole team finishes on time — every time.
This is what scalable pharmacy actually looks like.


#TitanPMR #PharmacyWorkflow #DigitalPharmacy #AIinPharmacy #CommunityPharmacy #PharmacyLeadership #ModernPMR #NMSS #CareHomePharmacy #PharmacyTok"
"32,000 items a month.
No overtime.
No owner on-site.
Akbar built a pharmacy that runs itself.
Malia leads from the floor.
Titan handles the chaos.
Now the whole team finishes on time — every time.
This is what scalable pharmacy actually looks like.


#TitanPMR #PharmacyWorkflow #DigitalPharmacy #AIinPharmacy #CommunityPharmacy #PharmacyLeadership #ModernPMR #NMSS #CareHomePharmacy #PharmacyTok","TIKTOK@titanpmr, YT@titanpmr",6063,,✅ Published,"32,000 items a month.
No overtime.
No owner on-site.
Akbar built a pharmacy that runs itself.
Malia leads from the floor.
Titan handles the chaos.
Now the whole team finishes on time — every time.
This is what scalable pharmacy actually looks like.


#TitanPMR #PharmacyWorkflow #DigitalPharmacy #AIinPharmacy #CommunityPharmacy #PharmacyLeadership #ModernPMR #NMSS #CareHomePharmacy #PharmacyTok"
"🤯 Pharmacies are busier than ever! But here’s the hack: automation. More time for services, fewer errors, and zero stress. How did we ever do it the old way?! #PharmacyTech #PharmacyEfficiency #AutomatedPharmacy #FutureOfPharmacy",TIKTOK@titanpmr,5903,,✅ Published,
"Pharmacy should not feel like hell.

For Akbar it once did. (1)",TIKTOK@titanpmr,5327,,✅ Published,"Pharmacy should not feel like hell.

For Akbar it once did.

Before Titan, he and his team were stuck in the pharmacy until 2am.
Today, they finish at 4:30 and actually go home at 4:30.

👉 Read the full case study: https://www.notion.so/bit.ly/4ldjbDg

#CommunityPharmacy #PharmacyOwner #PharmacyLife #DigitalPharmacy #FutureOfPharmacy #AIinHealthcare"
"Pharmacy should not feel like hell.

For Akbar it once did. ",TIKTOK@titanpmr,5327,,✅ Published,"Pharmacy should not feel like hell.

For Akbar it once did.

Before Titan, he and his team were stuck in the pharmacy until 2am.
Today, they finish at 4:30 and actually go home at 4:30.

👉 Read the full case study: https://www.notion.so/bit.ly/4ldjbDg

#CommunityPharmacy #PharmacyOwner #PharmacyLife #DigitalPharmacy #FutureOfPharmacy #AIinHealthcare"
"Pritee - Buried in baskets. Stuck checking for hours.

That was Pritee’s reality at Howletts Pharmacy.

Now it’s calm, digital-first, and service-led:
✔ 6,500 items a month
✔ 60% AI-checked
✔ 2–3 private consults every day

This is what pharmacy looks like when tech frees people to focus on patients.

#PharmacyLife #Pharmacist #CommunityPharmacy #DigitalPharmacy #PharmacyWorkflow #TitanPMR #AIinPharmacy (2)",TIKTOK@titanpmr,5052,,✅ Published,"Buried in baskets. Stuck checking for hours.

That was Pritee’s reality at Howletts Pharmacy.

Now it’s calm, digital-first, and service-led:
✔ 6,500 items a month
✔ 60% AI-checked
✔ 2–3 private consults every day

This is what pharmacy looks like when tech frees people to focus on patients.

#PharmacyLife #Pharmacist #CommunityPharmacy #DigitalPharmacy #PharmacyWorkflow #TitanPMR #AIinPharmacy"
"Pritee - Buried in baskets. Stuck checking for hours.

That was Pritee’s reality at Howletts Pharmacy.

Now it’s calm, digital-first, and service-led:
✔ 6,500 items a month
✔ 60% AI-checked
✔ 2–3 private consults every day

This is what pharmacy looks like when tech frees people to focus on patients.

#PharmacyLife #Pharmacist #CommunityPharmacy #DigitalPharmacy #PharmacyWorkflow #TitanPMR #AIinPharmacy (1)",TIKTOK@titanpmr,5052,,✅ Published,"Buried in baskets. Stuck checking for hours.

That was Pritee’s reality at Howletts Pharmacy.

Now it’s calm, digital-first, and service-led:
✔ 6,500 items a month
✔ 60% AI-checked
✔ 2–3 private consults every day

This is what pharmacy looks like when tech frees people to focus on patients.

#PharmacyLife #Pharmacist #CommunityPharmacy #DigitalPharmacy #PharmacyWorkflow #TitanPMR #AIinPharmacy"
"How this pharmacy runs 170,000 items a month without chaos #pharmacy #pharmacist #titanpmr #healthtech #communitypharmacy #dispensing #ukpharmacy","TIKTOK@titanpmr, YT@titanpmr",4782,,✅ Published,"How this pharmacy runs 170,000 items a month without chaos

#pharmacy #pharmacist #titanpmr #healthtech #communitypharmacy #dispensing #ukpharmacy"
"“Thanks to Titan, I’ve got time for what matters most.”

With dispensing handled, I focus on clinical checks and key services like ear wax removal, travel health, and weight loss. It’s a game-changer for patient care. ➡️🩺✈️
#TITANAdvantage #PharmacyEfficiency #TimeForPatients","FB@TITAN PMR, TIKTOK@titanpmr",4775,,✅ Published,
"Paul logs fridge temps on Titan in seconds ❄️📲
Scan. Record. Done. No more chasing paper charts.

#pharmacy #pharmacylife #communitypharmacy #healthtech #TitanPMR #pmrreimagined #AIinHealthcare (1)","FB@TITAN PMR, TIKTOK@titanpmr, YT@titanpmr",4599,,✅ Published,"Paul logs fridge temps on Titan in seconds ❄️📲
Scan. Record. Done. No more chasing paper charts.

#pharmacy #pharmacylife #communitypharmacy #healthtech #TitanPMR #pmrreimagined #AIinHealthcare"
"Paul logs fridge temps on Titan in seconds ❄️📲
Scan. Record. Done. No more chasing paper charts.

#pharmacy #pharmacylife #communitypharmacy #healthtech #TitanPMR #pmrreimagined #AIinHealthcare","FB@TITAN PMR, TIKTOK@titanpmr, YT@titanpmr",4599,,✅ Published,"Paul logs fridge temps on Titan in seconds ❄️📲
Scan. Record. Done. No more chasing paper charts.

#pharmacy #pharmacylife #communitypharmacy #healthtech #TitanPMR #pmrreimagined #AIinHealthcare"
"We’re live at The Pharmacy Show 🚀
Come chat with Sajid at Stand D55 and see how Titan is changing dispensing for good.


#TitanPMR #PharmacyShow2025 #PharmacyInnovation (1)","TIKTOK@titanpmr, YT@titanpmr",4273,,✅ Published,"We’re live at The Pharmacy Show 🚀
Come chat with Sajid at Stand D55 and see how Titan is changing dispensing for good.


#TitanPMR #PharmacyShow2025 #PharmacyInnovation"
"We’re live at The Pharmacy Show 🚀
Come chat with Sajid at Stand D55 and see how Titan is changing dispensing for good.


#TitanPMR #PharmacyShow2025 #PharmacyInnovation","TIKTOK@titanpmr, YT@titanpmr",4273,,✅ Published,"We’re live at The Pharmacy Show 🚀
Come chat with Sajid at Stand D55 and see how Titan is changing dispensing for good.


#TitanPMR #PharmacyShow2025 #PharmacyInnovation"
"“How do you like doing the clinical check up front?”
“Oh, it’s easy—no problem at all.”

The barcode scanning and validation? “Good, I’m happy with it. It’s almost foolproof, from labeling to picking and packaging. Both I and my staff feel comfortable with it.”

For a busy pharmacy, Titan will keep things moving, helping us get through tasks efficiently. Even with the clinical checks, it frees me up without keeping me stuck in front of the screen all day.

#TITANAdvantage #PharmacyEfficiency #FoolproofWorkflow (1)",TIKTOK@titanpmr,4260,,✅ Published,
"“How do you like doing the clinical check up front?”
“Oh, it’s easy—no problem at all.”

The barcode scanning and validation? “Good, I’m happy with it. It’s almost foolproof, from labeling to picking and packaging. Both I and my staff feel comfortable with it.”

For a busy pharmacy, Titan will keep things moving, helping us get through tasks efficiently. Even with the clinical checks, it frees me up without keeping me stuck in front of the screen all day.

#TITANAdvantage #PharmacyEfficiency #FoolproofWorkflow",TIKTOK@titanpmr,4260,,✅ Published,
Longform - March,TIKTOK@titanpmr,3837,,✅ Published,"Smoother. Simpler. Smarter.
From day one, pharmacies are seeing the difference with Titan. 💬
#TitanPMR #TheTitanWay #PharmacyTok #DigitalPharmacy #PharmacyInnovation #PMR #PharmacyAutomation #FYP"
"Knights Pharmacy cleared a full week of backlog in just 48 hours after going live on Titan. ⚡
A calmer start to the week and a smoother way of working.
Real teams. Real results.

#pharmacy #titanpmr #pharmacytech #workflow #communitypharmacy","IN@titanpmr, TIKTOK@titanpmr",3547,,✅ Published,"Knights Pharmacy cleared a full week of backlog in just 48 hours after going live on Titan. ⚡
A calmer start to the week and a smoother way of working.
Real teams. Real results.

#pharmacy #titanpmr #pharmacytech #workflow #communitypharmacy"
Christina shows how Titan flags what really needs checking ✅ (1),TIKTOK@titanpmr,3299,,✅ Published,"Christina shows how Titan flags what really needs checking ✅
One basket, loads of items — only the clinical ones need her attention.
Faster, safer, stress-free.

#pharmacy #pharmacylife #communitypharmacy #healthtech #TitanPMR #pmrreimagined #AIinHealthcare"
Christina shows how Titan flags what really needs checking ✅,TIKTOK@titanpmr,3299,,✅ Published,"Christina shows how Titan flags what really needs checking ✅
One basket, loads of items — only the clinical ones need her attention.
Faster, safer, stress-free.

#pharmacy #pharmacylife #communitypharmacy #healthtech #TitanPMR #pmrreimagined #AIinHealthcare"
"Katie - Batch flow = faster, easier, smoother.",TIKTOK@titanpmr,3255,,✅ Published,"Batch flow = faster, easier, smoother.

Once you try it, there’s no going back. 🌀

#TitanPMR #PharmacyTok #BatchFlow #PharmacyEfficiency #DigitalPharmacy #PharmacyInnovation #FYP"
"Same same but different 💊
(original vs generic meds)

#SameSameButDifferent #pharmacy #pharmacylife #communitypharmacy #medication #TitanPMR (1)","FB@TITAN PMR, TIKTOK@titanpmr, YT@titanpmr",3232,,✅ Published,"Same same but different 💊
(original vs generic meds)

#SameSameButDifferent #pharmacy #pharmacylife #communitypharmacy #medication #TitanPMR"
"Same same but different 💊
(original vs generic meds)

#SameSameButDifferent #pharmacy #pharmacylife #communitypharmacy #medication #TitanPMR","FB@TITAN PMR, TIKTOK@titanpmr, YT@titanpmr",3232,,✅ Published,"Same same but different 💊
(original vs generic meds)

#SameSameButDifferent #pharmacy #pharmacylife #communitypharmacy #medication #TitanPMR"
The Titan Way Video,TIKTOK@titanpmr,3165,,✅ Published,"This is what a digital-first pharmacy looks like. ⚡
#TheTitanWay #DigitalPharmacy #PharmacyTech #PharmacyAutomation #FutureOfPharmacy #PharmacyEfficiency #PMR #FYP #PharmacyTok"
"Nav shows how Titan’s audit trail keeps every script safe ✅
From download to handout — you see exactly who did what, when.
Less stress. Fewer mistakes. Happier patients.

#pharmacy #pharmacylife #communitypharmacy #healthtech #TitanPMR #pmrreimagined #AIinHealthcare (2)",TIKTOK@titanpmr,3118,,✅ Published,"Nav shows how Titan’s audit trail keeps every script safe ✅
From download to handout — you see exactly who did what, when.
Less stress. Fewer mistakes. Happier patients.

#pharmacy #pharmacylife #communitypharmacy #healthtech #TitanPMR #pmrreimagined #AIinHealthcare"
"Nav shows how Titan’s audit trail keeps every script safe ✅
From download to handout — you see exactly who did what, when.
Less stress. Fewer mistakes. Happier patients.

#pharmacy #pharmacylife #communitypharmacy #healthtech #TitanPMR #pmrreimagined #AIinHealthcare (1)",TIKTOK@titanpmr,3118,,✅ Published,"Nav shows how Titan’s audit trail keeps every script safe ✅
From download to handout — you see exactly who did what, when.
Less stress. Fewer mistakes. Happier patients.

#pharmacy #pharmacylife #communitypharmacy #healthtech #TitanPMR #pmrreimagined #AIinHealthcare"
Elaine - Efficient Inventory Management: Tips for Faster Stock Picking,TIKTOK@titanpmr,3117,,✅ Published,Learned the hard way: always take the basket off the shelf. Batch Flow’s quick but messy baskets still catch you out. #PharmacyLife #BatchFlow #PharmacyWorkflow #PMRsystem #DispensaryTips
"What a weekend at The Pharmacy Show 🎉

Zad hit the floor and the reactions said it all 👇
💬 “Titan is the king”
⚡ “Innovation meets automation”
🙌 “Sold in two minutes. It’s brilliant.”

The stand was packed, the vibes were unreal.
See you next year 👋

#TitanPMR #PharmacyShow2025 #PharmacyTikTok #DigitalHealth #PharmacyLife (1)","TIKTOK@titanpmr, YT@titanpmr",3099,,✅ Published,"What a weekend at The Pharmacy Show 🎉

Zad hit the floor and the reactions said it all 👇
💬 “Titan is the king”
⚡ “Innovation meets automation”
🙌 “Sold in two minutes. It’s brilliant.”

The stand was packed, the vibes were unreal.
See you next year 👋

#TitanPMR #PharmacyShow2025 #PharmacyTikTok #DigitalHealth #PharmacyLife"
"What a weekend at The Pharmacy Show 🎉

Zad hit the floor and the reactions said it all 👇
💬 “Titan is the king”
⚡ “Innovation meets automation”
🙌 “Sold in two minutes. It’s brilliant.”

The stand was packed, the vibes were unreal.
See you next year 👋

#TitanPMR #PharmacyShow2025 #PharmacyTikTok #DigitalHealth #PharmacyLife","TIKTOK@titanpmr, YT@titanpmr",3099,,✅ Published,"What a weekend at The Pharmacy Show 🎉

Zad hit the floor and the reactions said it all 👇
💬 “Titan is the king”
⚡ “Innovation meets automation”
🙌 “Sold in two minutes. It’s brilliant.”

The stand was packed, the vibes were unreal.
See you next year 👋

#TitanPMR #PharmacyShow2025 #PharmacyTikTok #DigitalHealth #PharmacyLife"
"5 years ago, Prab was ready to leave pharmacy.

Now he runs 16,000 items a month.

No robot. No overtime. No burnout.

His pharmacy flows. His team stays calm.
And it’s not because he got lucky.
It’s because he built differently.

#PharmacyLeadership #TitanPMR #PharmacyWorkflow #DigitalPharmacy #CommunityPharmacy #AIinPharmacy #PharmacyFirst #ModernPMR (1)","TIKTOK@titanpmr, YT@titanpmr",3059,,✅ Published,"5 years ago, Prab was ready to leave pharmacy.

Now he runs 16,000 items a month.

No robot. No overtime. No burnout.

His pharmacy flows. His team stays calm.
And it’s not because he got lucky.
It’s because he built differently.

#PharmacyLeadership #TitanPMR #PharmacyWorkflow #DigitalPharmacy #CommunityPharmacy #AIinPharmacy #PharmacyFirst #ModernPMR"
"5 years ago, Prab was ready to leave pharmacy.

Now he runs 16,000 items a month.

No robot. No overtime. No burnout.

His pharmacy flows. His team stays calm.
And it’s not because he got lucky.
It’s because he built differently.

#PharmacyLeadership #TitanPMR #PharmacyWorkflow #DigitalPharmacy #CommunityPharmacy #AIinPharmacy #PharmacyFirst #ModernPMR","TIKTOK@titanpmr, YT@titanpmr",3059,,✅ Published,"5 years ago, Prab was ready to leave pharmacy.

Now he runs 16,000 items a month.

No robot. No overtime. No burnout.

His pharmacy flows. His team stays calm.
And it’s not because he got lucky.
It’s because he built differently.

#PharmacyLeadership #TitanPMR #PharmacyWorkflow #DigitalPharmacy #CommunityPharmacy #AIinPharmacy #PharmacyFirst #ModernPMR"
"The one mistake pharmacy owners keep making

#PharmacyLife #PharmacyOwner #PharmacyWorkflow #DigitalPharmacy #TitanPMR #SmallBusinessTips",TIKTOK@titanpmr,2923,,✅ Published,"The one mistake pharmacy owners keep making

#PharmacyLife #PharmacyOwner #PharmacyWorkflow #DigitalPharmacy #TitanPMR #SmallBusinessTips"
"The one mistake pharmacy owners keep making

#PharmacyLife #PharmacyOwner #PharmacyWorkflow #DigitalPharmacy #TitanPMR #SmallBusinessTips (1)",TIKTOK@titanpmr,2906,,✅ Published,"The one mistake pharmacy owners keep making

#PharmacyLife #PharmacyOwner #PharmacyWorkflow #DigitalPharmacy #TitanPMR #SmallBusinessTips"
"A trained team is a free pharmacist. Build both.

#PharmacyTech #PharmacyLife #CommunityPharmacy",TIKTOK@titanpmr,2848,,✅ Published,"A trained team is a free pharmacist. Build both.

#PharmacyTech #PharmacyLife #CommunityPharmacy"
"Tik Tok - 20 hours freed every week. More time for patients, more time for growth 💊⏱️
#PharmacyLife #PharmacyTech #FutureOfPharmacy (1)","TIKTOK@titanpmr, YT@titanpmr",2709,,✅ Published,"What could you do with 20 extra hours each week?

For Rahul, Titan gave him the answer.

Repeat Flow, AI and SMS features have cut manual work and freed the team to focus on services.
Now they deliver double the appointments, improve patient outcomes and grow revenue at the same time.

👉 Read his full case study: https://www.notion.so/bit.ly/408lMqm

#CommunityPharmacy #PharmacyOwner #PharmacyLife #DigitalPharmacy #FutureOfPharmacy #PharmacyLeadership"
"Tik Tok - 20 hours freed every week. More time for patients, more time for growth 💊⏱️
#PharmacyLife #PharmacyTech #FutureOfPharmacy","TIKTOK@titanpmr, YT@titanpmr",2709,,✅ Published,"What could you do with 20 extra hours each week?

For Rahul, Titan gave him the answer.

Repeat Flow, AI and SMS features have cut manual work and freed the team to focus on services.
Now they deliver double the appointments, improve patient outcomes and grow revenue at the same time.

👉 Read his full case study: https://www.notion.so/bit.ly/408lMqm

#CommunityPharmacy #PharmacyOwner #PharmacyLife #DigitalPharmacy #FutureOfPharmacy #PharmacyLeadership"
Elaine - Basket Making Tips: Reaching High & Staying Organized,TIKTOK@titanpmr,2561,,✅ Published,11 baskets before lunch. Batch system flying. Just need to fix basket 10 for the short staff. #PharmacyWorkflow #PMRsystem #PharmacyLife #BatchFlow #PharmacyTeam
Kath - New Job Regrets_ Honest First Impressions & Rapid Learning (1),"TIKTOK@titanpmr, YT@titanpmr",2377,,✅ Published,No regrets. Just a rapid learning curve. Getting there fast with Titan. #PharmacyLife #PMRsystem #PharmacyTraining #DigitalPharmacy #PharmacyWorkflow
Kath - New Job Regrets_ Honest First Impressions & Rapid Learning,"TIKTOK@titanpmr, YT@titanpmr",2377,,✅ Published,No regrets. Just a rapid learning curve. Getting there fast with Titan. #PharmacyLife #PMRsystem #PharmacyTraining #DigitalPharmacy #PharmacyWorkflow
"“Honestly, it’s been a game changer.”",TIKTOK@titanpmr,2117,,✅ Published,"“Honestly, it’s been a game changer.”
Less time in the dispensary. More time for services. Titan does the rest. ⚙️
#TitanPMR #PharmacyTok #DigitalPharmacy #PharmacyEfficiency #PharmacyAutomation #ClinicalPharmacist #TheTitanWay #FYP"
"Bulk check nominations. Keep working. No disruption to clinical flow.

This pharmacy team lets Titan run checks in the background — while they carry on with their day.

⚙️ One click to run your nomination report
📋 No more manual checks every morning
💬 Would this save you time?

#TitanPMR #PharmacyWorkflow #Nominations #ClinicalChecks #PMRSystem #PharmacistLife #DispensaryEfficiency #PharmacyTech #NHSPharmacy #HealthcareInnovation","TIKTOK@titanpmr, YT@titanpmr",2102,,✅ Published,"Bulk check nominations. Keep working. No disruption to clinical flow.

This pharmacy team lets Titan run checks in the background — while they carry on with their day.

⚙️ One click to run your nomination report
📋 No more manual checks every morning
💬 Would this save you time?

#TitanPMR #PharmacyWorkflow #Nominations #ClinicalChecks #PMRSystem #PharmacistLife #DispensaryEfficiency #PharmacyTech #NHSPharmacy #HealthcareInnovation"
"Competitors… stay paper-based. We’re fine running smoother with Titan 😉💊

#PharmacyLife #PharmacyTech #FutureOfPharmacy (1)","TIKTOK@titanpmr, YT@titanpmr",2053,,✅ Published,"When your best advice to competitors is “stay paper-based”…
You know you are onto something.

For Akbar, Titan made pharmacy smoother, more efficient, and more reliable.
And Maleeha loves that she can even log in from home.

👉 Read the full case study: https://www.notion.so/bit.ly/4ldjbDg

#CommunityPharmacy #PharmacyOwner #PharmacyLife #DigitalPharmacy #FutureOfPharmacy #AIinHealthcare"
"Competitors… stay paper-based. We’re fine running smoother with Titan 😉💊

#PharmacyLife #PharmacyTech #FutureOfPharmacy","TIKTOK@titanpmr, YT@titanpmr",2053,,✅ Published,"When your best advice to competitors is “stay paper-based”…
You know you are onto something.

For Akbar, Titan made pharmacy smoother, more efficient, and more reliable.
And Maleeha loves that she can even log in from home.

👉 Read the full case study: https://www.notion.so/bit.ly/4ldjbDg

#CommunityPharmacy #PharmacyOwner #PharmacyLife #DigitalPharmacy #FutureOfPharmacy #AIinHealthcare"
"Akbar - From 0 to 350 NMS a month. 🚀
Akbar at Drayton Prime Pharmacy explains how Titanverse made NMS simple, trackable and scalable.


#Pharmacy #PharmacyServices #NMS #HealthcareInnovation #Titanverse #PharmacyGrowth (2)",TIKTOK@titanpmr,2039,,✅ Published,"From 0 to 350 NMS a month. 🚀
Akbar at Drayton Prime Pharmacy explains how Titanverse made NMS simple, trackable and scalable.


#Pharmacy #PharmacyServices #NMS #HealthcareInnovation #Titanverse #PharmacyGrowth"
"Akbar - From 0 to 350 NMS a month. 🚀
Akbar at Drayton Prime Pharmacy explains how Titanverse made NMS simple, trackable and scalable.


#Pharmacy #PharmacyServices #NMS #HealthcareInnovation #Titanverse #PharmacyGrowth (1)",TIKTOK@titanpmr,2039,,✅ Published,"From 0 to 350 NMS a month. 🚀
Akbar at Drayton Prime Pharmacy explains how Titanverse made NMS simple, trackable and scalable.


#Pharmacy #PharmacyServices #NMS #HealthcareInnovation #Titanverse #PharmacyGrowth"
"17,000 items. One pharmacist. No burnout. 🔥",TIKTOK@titanpmr,1946,,✅ Published,"17,000 items. One pharmacist. No burnout. 🔥

It’s not about working harder—it’s about smarter systems, automation, and patient care.

#TitanPMR #PharmacyTok #PharmacyEfficiency #PharmacyAutomation #FutureOfPharmacy #ClinicalPharmacist #FYP"
Jono - Big chains are closing. Independents? They’re just getting started.,TIKTOK@titanpmr,1820,,✅ Published,"Big chains are closing. Independents? They’re just getting started.

Pharmacy is evolving — are you ready to lead the change? 🏥

#TitanPMR #PharmacyTok #FutureOfPharmacy #IndependentPharmacy #PharmacyInnovation #CommunityPharmacy #FYP"
"Come meet Roxie at Stand D55 💫
See how Titanverse brings all your pharmacy services together in one place.
We’re live at The Pharmacy Show!


#Titanverse #PharmacyShow2025 #PharmacyInnovation (1)","FB@TITAN PMR, TIKTOK@titanpmr, YT@titanpmr",1791,,✅ Published,"Come meet Roxie at Stand D55 💫
See how Titanverse brings all your pharmacy services together in one place.
We’re live at The Pharmacy Show!


#Titanverse #PharmacyShow2025 #PharmacyInnovation"
"Come meet Roxie at Stand D55 💫
See how Titanverse brings all your pharmacy services together in one place.
We’re live at The Pharmacy Show!


#Titanverse #PharmacyShow2025 #PharmacyInnovation","FB@TITAN PMR, TIKTOK@titanpmr, YT@titanpmr",1791,,✅ Published,"Come meet Roxie at Stand D55 💫
See how Titanverse brings all your pharmacy services together in one place.
We’re live at The Pharmacy Show!


#Titanverse #PharmacyShow2025 #PharmacyInnovation"
Paperless. Digital. Forward-thinking. 💡,TIKTOK@titanpmr,1722,,✅ Published,"Paperless. Digital. Forward-thinking. 💡
#TitanPMR #PharmacyTok #PharmacyInnovation #PaperlessPharmacy #FutureOfPharmacy #PharmacyTech #FYP"
Altaf - Discover Titan_ The Ultimate PMR System for Convenience,TIKTOK@titanpmr,1719,,✅ Published,"Paperless. Remote access. Easy checks.

Why Altaf’s telling everyone to switch to Titan. 🖥️

#TitanPMR #PharmacyTok #PharmacyTech #PharmacyInnovation #DigitalPharmacy #PMR #PharmacyAutomation #FYP"
Titan made dispensing efficient. Now everyone wants to know how. #TitanPMR #PharmacyFuture #PharmacyLife (1),"TIKTOK@titanpmr, YT@titanpmr",1718,,✅ Published,Titan made dispensing efficient. Now everyone wants to know how. #TitanPMR #PharmacyFuture #PharmacyLife
Titan made dispensing efficient. Now everyone wants to know how. #TitanPMR #PharmacyFuture #PharmacyLife,"TIKTOK@titanpmr, YT@titanpmr",1718,,✅ Published,Titan made dispensing efficient. Now everyone wants to know how. #TitanPMR #PharmacyFuture #PharmacyLife
"Haters → Believers 🙌


#pharmacy #pharmacylife #communitypharmacy #healthtech #TitanPMR #pmrreimagined #AIinHealthcare (1)","TIKTOK@titanpmr, YT@titanpmr",1686,,✅ Published,"Haters → Believers 🙌


#pharmacy #pharmacylife #communitypharmacy #healthtech #TitanPMR #pmrreimagined #AIinHealthcare"
"Haters → Believers 🙌


#pharmacy #pharmacylife #communitypharmacy #healthtech #TitanPMR #pmrreimagined #AIinHealthcare","TIKTOK@titanpmr, YT@titanpmr",1686,,✅ Published,"Haters → Believers 🙌


#pharmacy #pharmacylife #communitypharmacy #healthtech #TitanPMR #pmrreimagined #AIinHealthcare"
"The Pharmacy Show 2025 💥
Crowds, conversations, and the best kind of chaos.
Here’s how it looked from the Titan stand 👇

#TitanPMR #Titanverse #PharmacyShow2025 #PharmacyLife #PharmacyInnovation #DigitalHealth #CommunityPharmacy (1)","TIKTOK@titanpmr, YT@titanpmr",1663,,✅ Published,"The Pharmacy Show 2025 💥
Crowds, conversations, and the best kind of chaos.
Here’s how it looked from the Titan stand 👇

#TitanPMR #Titanverse #PharmacyShow2025 #PharmacyLife #PharmacyInnovation #DigitalHealth #CommunityPharmacy"
"The Pharmacy Show 2025 💥
Crowds, conversations, and the best kind of chaos.
Here’s how it looked from the Titan stand 👇

#TitanPMR #Titanverse #PharmacyShow2025 #PharmacyLife #PharmacyInnovation #DigitalHealth #CommunityPharmacy","TIKTOK@titanpmr, YT@titanpmr",1663,,✅ Published,"The Pharmacy Show 2025 💥
Crowds, conversations, and the best kind of chaos.
Here’s how it looked from the Titan stand 👇

#TitanPMR #Titanverse #PharmacyShow2025 #PharmacyLife #PharmacyInnovation #DigitalHealth #CommunityPharmacy"
Jimrac - Revolutionizing Pharmacy_ The Benefits of Modern Systems,TIKTOK@titanpmr,1646,,✅ Published,"More time for patients. Less stress.

This pharmacist’s loving the freedom to focus on what matters. 💬

#TitanPMR #PharmacyTok #DigitalPharmacy #PharmacyEfficiency #PharmacyInnovation #FutureOfPharmacy #FYP"
New pharmacy. Full service list. Still has personal time.,TIKTOK@titanpmr,1609,,✅ Published,"New pharmacy. Full service list. Still has personal time.

Kanav’s secret? He started with Titan from day one. 🔑

#TitanPMR #PharmacyBusiness #PharmacyTok #PharmacyServices #WorkSmarter #FYP"
"80% of scripts. Cleared by AI. ✅

Prab’s pharmacy is fully automated.
Fewer errors. More time for patients.
This is what the future of pharmacy looks like.

#TitanPMR #AI #Pharmacy #PharmacyTech #FYP (1)","TIKTOK@titanpmr, YT@titanpmr",1596,,✅ Published,"80% of scripts. Cleared by AI. ✅

Prab’s pharmacy is fully automated.
Fewer errors. More time for patients.
This is what the future of pharmacy looks like.

#TitanPMR #AI #Pharmacy #PharmacyTech #FYP"
"80% of scripts. Cleared by AI. ✅

Prab’s pharmacy is fully automated.
Fewer errors. More time for patients.
This is what the future of pharmacy looks like.

#TitanPMR #AI #Pharmacy #PharmacyTech #FYP","TIKTOK@titanpmr, YT@titanpmr",1596,,✅ Published,"80% of scripts. Cleared by AI. ✅

Prab’s pharmacy is fully automated.
Fewer errors. More time for patients.
This is what the future of pharmacy looks like.

#TitanPMR #AI #Pharmacy #PharmacyTech #FYP"
POV: Your work bestie can’t pronounce medications (1),TIKTOK@titanpmr,1590,,✅ Published,"POV: Your work bestie can’t pronounce medications

#PharmacyLife #PharmacyHumour #DispensaryDiaries #MedLife #HealthcareHumour #PharmacyTeam #WorkBestie #PharmacyTikTok #BehindTheCounter #EverydayPharmacy"
POV: Your work bestie can’t pronounce medications,TIKTOK@titanpmr,1590,,✅ Published,"POV: Your work bestie can’t pronounce medications

#PharmacyLife #PharmacyHumour #DispensaryDiaries #MedLife #HealthcareHumour #PharmacyTeam #WorkBestie #PharmacyTikTok #BehindTheCounter #EverydayPharmacy"
Jono - More scripts. More pressure. No time.,TIKTOK@titanpmr,1586,,✅ Published,"More scripts. More pressure. No time.

The pharmacies thriving? They’ve gone digital. 🖥️

#TitanPMR #PharmacyTok #PharmacyCrisis #DigitalPharmacy #PharmacyInnovation #PharmacyEfficiency #FYP"
"📦 25,000 items. A major transition. And Titan handled it.",TIKTOK@titanpmr,1441,,✅ Published,"📦 25,000 items. A major transition. And Titan handled it.

Switching from ProScript after 10+ years wasn’t easy, but the team adapted fast—even without the robot on day one. Hands-on support made all the difference, especially for staff less tech-savvy.

Now? Smoother workflows, better training, and a future-ready pharmacy.

💬 “Going forward, it’ll be great.”

#TitanEfficiency #PharmacyAutomation #BetterWorkflows #FutureOfPharmacy 🚀"
"1000 pharmacies on TITAN. Big moment 💥

#Titan1000 #PharmacyTok #DigitalPharmacy #PMR #PharmacyLife #MilestoneMoment (1)","TIKTOK@titanpmr, YT@titanpmr",1420,,✅ Published,"1000 pharmacies on TITAN. Big moment 💥

#Titan1000 #PharmacyTok #DigitalPharmacy #PMR #PharmacyLife #MilestoneMoment"
"1000 pharmacies on TITAN. Big moment 💥

#Titan1000 #PharmacyTok #DigitalPharmacy #PMR #PharmacyLife #MilestoneMoment","TIKTOK@titanpmr, YT@titanpmr",1420,,✅ Published,"1000 pharmacies on TITAN. Big moment 💥

#Titan1000 #PharmacyTok #DigitalPharmacy #PMR #PharmacyLife #MilestoneMoment"
"Baskets piling up. Stress piling up. Titan fixed that 💊✅

#PharmacyLife #PharmacyWorkflow #FutureOfPharmacy (1)","TIKTOK@titanpmr, YT@titanpmr",1412,,✅ Published,"One bench. Stacked high with baskets.

No matter how fast you checked, more kept coming.

That was life before Titan.
Now the stress is gone, the work gets done, and the team are free to deliver services.

👉 Read her full case study: https://www.notion.so/bit.ly/3UMTaQq

#CommunityPharmacy #PharmacyOwner #PharmacyLife #PharmacyWorkflow #PharmacyServices #FutureOfPharmacy"
"Baskets piling up. Stress piling up. Titan fixed that 💊✅

#PharmacyLife #PharmacyWorkflow #FutureOfPharmacy","TIKTOK@titanpmr, YT@titanpmr",1412,,✅ Published,"One bench. Stacked high with baskets.

No matter how fast you checked, more kept coming.

That was life before Titan.
Now the stress is gone, the work gets done, and the team are free to deliver services.

👉 Read her full case study: https://www.notion.so/bit.ly/3UMTaQq

#CommunityPharmacy #PharmacyOwner #PharmacyLife #PharmacyWorkflow #PharmacyServices #FutureOfPharmacy"
Faz & Nav - Pharmacists step back. Dispensers step up.,TIKTOK@titanpmr,1412,,✅ Published,"Pharmacists step back. Dispensers step up.

Titan makes bulk dispensing easy—and frees up time for patient care. 💬

#PharmacyEfficiency #PharmacyWorkflow #PharmacyTech #Automation #BetterPatientCare"
"Two pharmacy pioneers. One mission: safer dispensing.
💊 Titan PMR x Pillsorted — working to make barcode accuracy mandatory at source.
#Pharmacy #PatientSafety #TitanPMR #Pillsorted #BarcodeSafety #PharmacyTech (1)","TIKTOK@titanpmr, YT@titanpmr",1350,,✅ Published,"Two pharmacy pioneers. One mission: safer dispensing.
💊 Titan PMR x Pillsorted — working to make barcode accuracy mandatory at source.
#Pharmacy #PatientSafety #TitanPMR #Pillsorted #BarcodeSafety #PharmacyTech"
"Two pharmacy pioneers. One mission: safer dispensing.
💊 Titan PMR x Pillsorted — working to make barcode accuracy mandatory at source.
#Pharmacy #PatientSafety #TitanPMR #Pillsorted #BarcodeSafety #PharmacyTech","TIKTOK@titanpmr, YT@titanpmr",1350,,✅ Published,"Two pharmacy pioneers. One mission: safer dispensing.
💊 Titan PMR x Pillsorted — working to make barcode accuracy mandatory at source.
#Pharmacy #PatientSafety #TitanPMR #Pillsorted #BarcodeSafety #PharmacyTech"
"💡 'Has Titan made a difference? Absolutely!' Empowered dispensers, fewer checks for pharmacists, and a smoother workflow. Pharmacists now focus where it matters most! 💊✨ #TITANAdvantage #PharmacyEfficiency #EmpoweredTeams","FB@TITAN PMR, TIKTOK@titanpmr",1349,,✅ Published,
AI is not a threat. It is a unlock,TIKTOK@titanpmr,1345,,✅ Published,"AI is not a threat. It is a unlock
Pharmacy is changing for the better 🌟
#pharmacy #ai #titanverse #futureofpharmacy"
When your PMR finally gets it right. 💡 (1),"TIKTOK@titanpmr, YT@titanpmr",1342,,✅ Published,When your PMR finally gets it right. 💡
When your PMR finally gets it right. 💡,"TIKTOK@titanpmr, YT@titanpmr",1342,,✅ Published,When your PMR finally gets it right. 💡
Wild shift. From “I hated Titan in week one” to “we couldn’t run services without it.” #PharmacyTok #UKPharmacy #TitanPMR #PharmacyLife #PharmacyTech #NHSServices #PrivateClinics,"FB@TITAN PMR, IN@titanpmr, TIKTOK@titanpmr, YT@titanpmr",1324,,✅ Published,Wild shift. From “I hated Titan in week one” to “we couldn’t run services without it.” #PharmacyTok #UKPharmacy #TitanPMR #PharmacyLife #PharmacyTech #NHSServices #PrivateClinics
"“Running a pharmacy and still having personal time? It’s all thanks to Titan.”

From day one, Titan has let me focus on services, generate revenue, and still enjoy my time. The way it works has made everything possible for our store.

#TITANAdvantage #PharmacyEfficiency #BusinessMadeSimple",TIKTOK@titanpmr,1300,,✅ Published,
No robot needed. 💥 #TitanPMR #BatchFlow #PharmacyAutomation #PharmacyTech #DigitalPharmacy (1),"TIKTOK@titanpmr, YT@titanpmr",1279,,✅ Published,Robot power. No robot needed. 💥 #TitanPMR #BatchFlow #PharmacyAutomation #PharmacyTech #DigitalPharmacy
No robot needed. 💥 #TitanPMR #BatchFlow #PharmacyAutomation #PharmacyTech #DigitalPharmacy,"TIKTOK@titanpmr, YT@titanpmr",1279,,✅ Published,Robot power. No robot needed. 💥 #TitanPMR #BatchFlow #PharmacyAutomation #PharmacyTech #DigitalPharmacy
Automation that frees up pharmacists.,TIKTOK@titanpmr,1229,,✅ Published,"Automation that frees up pharmacists.

Expansion through services. And support that actually responds. ⚙️

#TitanPMR #PharmacyTok #PharmacyAutomation #PharmacyServices #PharmacyEfficiency #DigitalPharmacy #FYP"
"We looked at Titan five years ago. Should’ve made the switch then. It’s changing everything now — for the team and the patients. 

#PharmacyOwner #PMRsystem #PharmacyWorkflow #PharmacyServices #DigitalPharmacyRimi - Titan Pharmacy Software_ Why We Chose It Finally!","TIKTOK@titanpmr, YT@titanpmr",1201,,✅ Published,"We looked at Titan five years ago. Should’ve made the switch then. It’s changing everything now — for the team and the patients. 

#PharmacyOwner #PMRsystem #PharmacyWorkflow #PharmacyServices #DigitalPharmacy"
Revolutionizing Pharmacy_ Time-Saving Compliance Solutions,TIKTOK@titanpmr,1167,,✅ Published,"More time. Better training. Happier patients.
Titan’s helping pharmacies do it all—without the overwhelm. 🕒


#TitanPMR #PharmacyTok #PharmacyEfficiency #DigitalPharmacy 
#PharmacyAutomation #PharmacyInnovation #TheTitanWay #FYP"
Jono - Pharmacy’s evolved. Has your PMR?,TIKTOK@titanpmr,1138,,✅ Published,"Pharmacy’s evolved. Has your PMR?

It should be speeding you up—not slowing you down. ⚡

#TitanPMR #PharmacyTok #PharmacyInnovation #DigitalPharmacy #PharmacyFirst #PharmacyEfficiency #TheTitanWay #FYP"
Jono - Pharmacists aren’t avoiding patients. The system is.,TIKTOK@titanpmr,1136,,✅ Published,"Pharmacists aren’t avoiding patients. They’re just stuck behind the scenes.

Titan clears the clutter—so they can get back to care. 
🩺
#PharmacyTok #PharmacyTech #PharmacyEfficiency #DigitalPharmacy #BetterPatientCare #FYP"
Muhhamad - Long-term benefits. Easy reporting.,TIKTOK@titanpmr,1123,,✅ Published,"Long-term benefits. Easy reporting.

Still unsure about Titan? Just go for it. 📊

#TitanPMR #PharmacyTok #PharmacyEfficiency #DigitalPharmacy #PharmacyInnovation #PMR #FYP"
"Batch flow on day one. Batches of 20 at a time. A workflow built to run cleanly from the start. ⚡

#pharmacy #titanpmr #batchflow #workflow #communitypharmacy",TIKTOK@titanpmr,1115,,✅ Published,"Batch flow on day one. Batches of 20 at a time. A workflow built to run cleanly from the start. ⚡

#pharmacy #titanpmr #batchflow #workflow #communitypharmacy"
"Quick review of Titan PMR after 3–4 weeks:

“My staff are raving about it, and it’s given me the freedom to focus on services—which is the future of pharmacy. Switching from ProScript was easier than expected, and I can’t recommend Titan enough. If you’re considering it, just get on it!”

#TITANAdvantage #PharmacyInnovation #ServicesMadeSimple",TIKTOK@titanpmr,1101,,✅ Published,
"🚀 Is your pharmacy using AI yet? 40+ safety checks per prescription, no extra space needed, and more time for consultations. Imagine working without it… yeah, we can’t either. #PharmacyAI #ClinicalSafety #PharmacyInnovation #SmartPharmacy",TIKTOK@titanpmr,1073,,✅ Published,
Helen - Package Tracking Explained: Easy Updates & Inventory Management (1),"TIKTOK@titanpmr, YT@titanpmr",1069,,✅ Published,"Now we can tell patients exactly where their meds are. In the building, on the shelf, or not in yet. Simple. #PharmacyWorkflow #PMRsystem #PatientExperience #PharmacyLife"
Helen - Package Tracking Explained: Easy Updates & Inventory Management,"TIKTOK@titanpmr, YT@titanpmr",1069,,✅ Published,"Now we can tell patients exactly where their meds are. In the building, on the shelf, or not in yet. Simple. #PharmacyWorkflow #PMRsystem #PatientExperience #PharmacyLife"
Would they go back to the old PMR? Never,TIKTOK@titanpmr,1065,,✅ Published,"Would they go back to the old PMR?
Never. 🚀
#TitanPMR #PharmacyTok #PharmacyTech #BetterWorkflows #ModernPharmacy #FYP"
Kath - Titan X Review_ AI Testing with Tea and a Change (1),"TIKTOK@titanpmr, YT@titanpmr",1062,,✅ Published,Inbox empty. AI switched on. I’m sat down with a cuppa while the team flies. Titan X is brilliant. #PharmacyAI #PMRsystem #PharmacyWorkflow #PharmacyLife #DigitalPharmacy
Kath - Titan X Review_ AI Testing with Tea and a Change,"TIKTOK@titanpmr, YT@titanpmr",1062,,✅ Published,Inbox empty. AI switched on. I’m sat down with a cuppa while the team flies. Titan X is brilliant. #PharmacyAI #PMRsystem #PharmacyWorkflow #PharmacyLife #DigitalPharmacy
🧥 The first Titan hoodies have officially landed. And yes—they do make workflows warmer.,TIKTOK@titanpmr,1051,,✅ Published,"🧥 The first Titan hoodies have officially landed. And yes—they do make workflows warmer.

Shoutout to the team at Skegby Pharmacy for repping the brand and leading the way.

💬 “It was a challenge to get these—but we got them in the end.”
💬 “Would you recommend Titan?”
“You already know that I would.”

#TitanTeam #PharmacyProud #TitanMerch #FutureOfPharmacy #PharmacyLife"
First day on Titan 💥,TIKTOK@titanpmr,1046,,✅ Published,"First day on Titan 💥
“Everything we’ve seen makes sense—and it’s easier to use.”
Change isn’t easy, but this team smashed it.
#TitanPMR #PharmacyTok #PharmacyWorkflow #PharmacyTech #BetterWorkflows #FutureOfPharmacy #FYP 💪"
"🖨️ Would you use a fax machine to manage prescriptions?
Then why are some systems still making you print every script?",TIKTOK@titanpmr,979,,✅ Published,"🖨️ Would you use a fax machine to manage prescriptions?
Then why are some systems still making you print every script?

Pharmacy has moved on. It’s time your PMR did too.
Less paper. Fewer clicks. Smarter workflows. Real-time tracking.

💬 “Modern day pharmacies need digital processes, automated clinical checks, barcode validation, and real-time tracking.”

#PharmacyTechnology #PharmacyInnovation #PharmacyAutomation #PMRUpgrade #DigitalPharmacy #SmartWorkflows #ClinicalChecks #FutureOfPharmacy #TitanPMR #PharmacySystems #PharmacistSupport"
Ian - Exciting Changes Ahead_ My Journey to the Dispensary,TIKTOK@titanpmr,966,,✅ Published,"Day one down — and already hopeful for what’s ahead.
The goal? More time out of the dispensary. 🙌
#TitanPMR #PharmacyTok #PharmacyEfficiency #DigitalPharmacy #PharmacyInnovation #TheTitanWay #FYP"
"📉 'Reduced phone calls, clear ERD board, and happy patients!' With Titan, we’ve streamlined workflows and created a stress-free process for everyone. Would we go back to our old PMR? NEVER. 🚫💊 #TITANAdvantage #PharmacyEfficiency #NoGoingBack",TIKTOK@titanpmr,958,,✅ Published,
From “this is hell” to “we can go home on time.” That’s the whole story. #Pharmacy #PharmacyLife #PharmacyOwner #CommunityPharmacy #PharmacyWorkflow #PharmacyTech #TikTokUK,"IN@titanpmr, TIKTOK@titanpmr, YT@titanpmr",956,,✅ Published,"From “this is hell” to “we can go home on time.” That’s the whole story.

#Pharmacy #PharmacyLife #PharmacyOwner #CommunityPharmacy #PharmacyWorkflow #PharmacyTech #TikTokUK"
“Titan allows us to free up pharmacist time—exactly what’s needed with Pharmacy First and private services expanding.”,TIKTOK@titanpmr,955,,✅ Published,"“Titan allows us to free up pharmacist time—exactly what’s needed with Pharmacy First and private services expanding.”

That’s why they chose Titan. A system that streamlines workflows, reduces workload, and lets pharmacists focus on what matters most.

💬 Less admin. More time for patient care. More opportunities to grow.

And any regrets? “No, not really. No.”

🚀 Join the movement. Work smarter. Make pharmacy better.

#PharmacyFirst #PharmacyEfficiency #PMR #TheTitanWay"
Not without hurdles—but it’s landing well.,TIKTOK@titanpmr,943,,✅ Published,"Not without hurdles—but it’s landing well.
Titan’s already giving pharmacists time back.
And it’s only the beginning. ⏳
#TitanPMR #PharmacyRollout #PharmacyTok #PharmacyInnovation #BetterWorkflows #FutureOfPharmacy #FYP"
Clinical checks in the background.,TIKTOK@titanpmr,942,,✅ Published,"Clinical checks in the background.

Team working smarter.

This setup’s a game changer. ⚙️

#TitanPMR #PharmacyTok #PharmacyEfficiency #DigitalPharmacy #PharmacyAutomation #TheTitanWay #FYP"
"On-site. Step-by-step. No question unanswered.

Training at Langley Pharmacy covered everything — from MDS setup to weekly scripts.

🎓 Visual, in-person support that sticks
🧠 Online help always there if you forget
💬 Would your team benefit from on-site training?

#TitanPMR #PharmacyTraining #MDS #PMRSystem #PharmacyWorkflow #PharmacyTech #NHSPharmacy #DispensaryLife #DigitalPharmacy #HealthcareInnovation (1)","TIKTOK@titanpmr, YT@titanpmr",939,,✅ Published,"On-site. Step-by-step. No question unanswered.

Training at Langley Pharmacy covered everything — from MDS setup to weekly scripts.

🎓 Visual, in-person support that sticks
🧠 Online help always there if you forget
💬 Would your team benefit from on-site training?

#TitanPMR #PharmacyTraining #MDS #PMRSystem #PharmacyWorkflow #PharmacyTech #NHSPharmacy #DispensaryLife #DigitalPharmacy #HealthcareInnovation"
"On-site. Step-by-step. No question unanswered.

Training at Langley Pharmacy covered everything — from MDS setup to weekly scripts.

🎓 Visual, in-person support that sticks
🧠 Online help always there if you forget
💬 Would your team benefit from on-site training?

#TitanPMR #PharmacyTraining #MDS #PMRSystem #PharmacyWorkflow #PharmacyTech #NHSPharmacy #DispensaryLife #DigitalPharmacy #HealthcareInnovation","TIKTOK@titanpmr, YT@titanpmr",939,,✅ Published,"On-site. Step-by-step. No question unanswered.

Training at Langley Pharmacy covered everything — from MDS setup to weekly scripts.

🎓 Visual, in-person support that sticks
🧠 Online help always there if you forget
💬 Would your team benefit from on-site training?

#TitanPMR #PharmacyTraining #MDS #PMRSystem #PharmacyWorkflow #PharmacyTech #NHSPharmacy #DispensaryLife #DigitalPharmacy #HealthcareInnovation"
Elaine - Care Home Integration: BatchFlow System for Efficiency,TIKTOK@titanpmr,921,,✅ Published,Care home coming on. Batch Flow is next. Time to get my head around it before the week’s out. #PharmacyOwner #BatchFlow #CareHomePharmacy #PMRsystem #PharmacyWorkflow
"""Switching to Titan feels like going from a Nokia-Foro II to the first Apple iPhone.""

It’s that intuitive, easy to use, and incredibly accurate. With AI checking, it’s always right—even adding expiry dates and batch numbers to the boxes.

Innovation that transforms your workflow.
#TITANAdvantage #PharmacyInnovation #NextLevelEfficiency","FB@TITAN PMR, TIKTOK@titanpmr",917,,✅ Published,
"Rimi - Streamlining Surgeries_ Emails, Suppliers & New Software!",TIKTOK@titanpmr,915,,✅ Published,"Surgeries set up. Orders tested. Titan X downloaded. BatchFlow and Titan Verse coming next. No regrets. 

#PMRsystem #PharmacyWorkflow #DigitalPharmacy #TitanVerse #BatchFlow"
Kate - Rexall Chemist Training_ Mastering New Pharmacy Procedures,TIKTOK@titanpmr,912,,✅ Published,"Getting the hang of it. Barcode checks, extra steps, fewer errors. Titan’s making dispensing safer and smoother. #PharmacyWorkflow #PMRsystem #BarcodeValidation #PharmacyTraining #DigitalPharmacy"
Helen - Medication Tagging & Ordering Tips: Training On-Site!,"TIKTOK@titanpmr, YT@titanpmr",912,,✅ Published,"Didn’t know what the item should be. Now I know where to look, what to pick, and how to tag it. #PharmacyTraining #PMRsystem #PharmacyTips #DigitalPharmacy #PharmacyWorkflow"
Andy - Titan Branches Success_ Smooth Pharmacy Operations Despite Challenges,TIKTOK@titanpmr,886,,✅ Published,"Lost 50 hours of staff time. Still hit 10K items. No chaos, no delays—just smart pharmacy tech. #PharmacyOwner #PMRsystem #PharmacyWorkflow #PharmacyAutomation"
"""When our pharmacy was broken into and vandalised, Titan was the only PMR system that truly stepped up.""

In just 6–7 hours—on a Saturday—they helped us rebuild and get everything set up again. No other system would have done that. Massive thanks to the team for their incredible support.

If you’re with any other PMR system, switch to Titan. You won’t regret it.

#TITANAdvantage #PharmacySupport #UnmatchedService",TIKTOK@titanpmr,874,,✅ Published,
"Tik Tok - 4x growth. Zero chaos. Meet Sagar 💊🚀

#PharmacyLife #PharmacyGrowth #FutureOfPharmacy (1)","TIKTOK@titanpmr, YT@titanpmr",872,,✅ Published,"In the busiest hours of pharmacy, calm is everything.

For Sagar, Titan makes that possible.

Every prescription is tracked clearly from receipt to collection.
The team know exactly where each item is, and most prescriptions are ready the same day.

👉 Read his full case study: https://www.notion.so/bit.ly/4lOuT7S

#CommunityPharmacy #PharmacyOwner #PharmacyLife #PharmacyWorkflow #DigitalPharmacy #FutureOfPharmacy"
"Tik Tok - 4x growth. Zero chaos. Meet Sagar 💊🚀

#PharmacyLife #PharmacyGrowth #FutureOfPharmacy","TIKTOK@titanpmr, YT@titanpmr",872,,✅ Published,"In the busiest hours of pharmacy, calm is everything.

For Sagar, Titan makes that possible.

Every prescription is tracked clearly from receipt to collection.
The team know exactly where each item is, and most prescriptions are ready the same day.

👉 Read his full case study: https://www.notion.so/bit.ly/4lOuT7S

#CommunityPharmacy #PharmacyOwner #PharmacyLife #PharmacyWorkflow #DigitalPharmacy #FutureOfPharmacy"
Dispensing Edit 1- Everything’s Changed,TIKTOK@titanpmr,865,,✅ Published,"Everything’s changed.

Happier teams. Faster workflows. More time for services. 🔁

#TitanPMR #PharmacyTok #DispensingDoneRight #PharmacyEfficiency #DigitalPharmacy #PharmacyInnovation #FYP"
"10 hours saved weekly. More time for patients, more time to grow 💊⏱️
#PharmacyLife #PharmacyTech #FutureOfPharmacy (1)","TIKTOK@titanpmr, YT@titanpmr",863,,✅ Published,"What would you do with 10 extra hours a week?

For Pritee, Titan turned that time into patient care.

Barcode scanning and AI now accuracy check most prescriptions, 
saving hours at the bench.

That space has unlocked private consultations, growing from one a month to two or three a day.

👉 Read her full case study: https://www.notion.so/bit.ly/3UMTaQq


#CommunityPharmacy #PharmacyOwner #PharmacyLife #PharmacyWorkflow #DigitalPharmacy #FutureOfPharmacy"
"10 hours saved weekly. More time for patients, more time to grow 💊⏱️
#PharmacyLife #PharmacyTech #FutureOfPharmacy","TIKTOK@titanpmr, YT@titanpmr",863,,✅ Published,"What would you do with 10 extra hours a week?

For Pritee, Titan turned that time into patient care.

Barcode scanning and AI now accuracy check most prescriptions, 
saving hours at the bench.

That space has unlocked private consultations, growing from one a month to two or three a day.

👉 Read her full case study: https://www.notion.so/bit.ly/3UMTaQq


#CommunityPharmacy #PharmacyOwner #PharmacyLife #PharmacyWorkflow #DigitalPharmacy #FutureOfPharmacy"
Abel - Titan Pharmacy System_ Revolutionizing Dispensing for Better Patient Care,TIKTOK@titanpmr,860,,✅ Published,"On-site at Vexill Chemists 🎥 Talking real impact with Titan: more time for consultations, less chaos on the bench.

👀 See why more pharmacies are switching

💬 Would you trust your team to handle scripts while you focus on services?

#PharmacyFirst #TitanPMR #AutomationInPharmacy #PharmacistLife #HealthcareInnovation"
First day on Titan ✅,TIKTOK@titanpmr,858,,✅ Published,"First day on Titan ✅

Busy pharmacy, backlog and all — but Jill’s already getting the hang of it. 🙌

#TitanPMR #PharmacyTok #FirstDay #PharmacyWorkflow #DigitalPharmacy #TheTitanWay #FYP"
"Not just dispensing. A true community health hub 💊🌍
#PharmacyLife #PharmacyServices #FutureOfPharmacy (1)","TIKTOK@titanpmr, YT@titanpmr",856,,✅ Published,"“I didn’t realize a pharmacy could do this.”

That is what patients tell Rahul today.

From earwax removal to medical cannabis to travel vaccines, his team is delivering far beyond dispensing.

The pharmacy is no longer just a dispensary. 

It is a community health hub.

👉 Read his full case study: https://www.notion.so/bit.ly/408lMqm

#CommunityPharmacy #PharmacyOwner #PharmacyLife #PharmacyServices #DigitalPharmacy #FutureOfPharmacy"
"Not just dispensing. A true community health hub 💊🌍
#PharmacyLife #PharmacyServices #FutureOfPharmacy","TIKTOK@titanpmr, YT@titanpmr",856,,✅ Published,"“I didn’t realize a pharmacy could do this.”

That is what patients tell Rahul today.

From earwax removal to medical cannabis to travel vaccines, his team is delivering far beyond dispensing.

The pharmacy is no longer just a dispensary. 

It is a community health hub.

👉 Read his full case study: https://www.notion.so/bit.ly/408lMqm

#CommunityPharmacy #PharmacyOwner #PharmacyLife #PharmacyServices #DigitalPharmacy #FutureOfPharmacy"
Jimrac - Titan Implementation Team_ Instant Solutions & Support You Can Trust,TIKTOK@titanpmr,850,,✅ Published,"Titan’s support team? Instant answers. Instant fixes. 📞

#TitanPMR #PharmacySupport #PharmacyTech #InstantHelp #PharmacyTok #FYP"
James - Clinical checks in the background.,TIKTOK@titanpmr,850,,✅ Published,"Clinical checks in the background.

Staff more motivated.

Titan’s making things flow. 🔄

#TitanPMR #PharmacyTok #PharmacyEfficiency #DigitalPharmacy #PharmacyInnovation #FutureOfPharmacy #FYP"
"Pharmacies do more than you think 💙
#AskYourPharmacist #PharmacyTeam #CommunityPharmacy #PharmacyCare #NHS (1)","TIKTOK@titanpmr, YT@titanpmr",831,,✅ Published,"Pharmacies do more than you think 💙
#AskYourPharmacist #PharmacyTeam #CommunityPharmacy #PharmacyCare #NHS"
"Pharmacies do more than you think 💙
#AskYourPharmacist #PharmacyTeam #CommunityPharmacy #PharmacyCare #NHS","TIKTOK@titanpmr, YT@titanpmr",831,,✅ Published,"Pharmacies do more than you think 💙
#AskYourPharmacist #PharmacyTeam #CommunityPharmacy #PharmacyCare #NHS"
"""With Titan, I’m not picking 15 amlodipines one by one anymore.""

It frees up staff time and allows for scaling. Dispense more, faster, without adding extra man hours. Efficiency that grows with your business.

#TITANAdvantage #PharmacyEfficiency #ScaleWithEase",TIKTOK@titanpmr,830,,✅ Published,
"Been 3 hours since I last saw my work soulmate 😢
#pharmacytok #relatable #pharmacyhumour (1)","TIKTOK@titanpmr, YT@titanpmr",827,,✅ Published,"Been 3 hours since I last saw my work soulmate 😢
#pharmacytok #relatable #pharmacyhumour"
"Been 3 hours since I last saw my work soulmate 😢
#pharmacytok #relatable #pharmacyhumour","TIKTOK@titanpmr, YT@titanpmr",827,,✅ Published,"Been 3 hours since I last saw my work soulmate 😢
#pharmacytok #relatable #pharmacyhumour"
Rimi - Wrexall Chemist: Implementation Plan Update & Teething Issues!,"TIKTOK@titanpmr, YT@titanpmr",817,,✅ Published,"Few teething issues with terminals, but the plan’s on track. Implementation’s going well at Wrexall. 

#PharmacySetup #PMRsystem #PharmacyWorkflow #DigitalPharmacy #PharmacyTeam"
James - Emotional Shifts_ From Morning to Evening Insights,TIKTOK@titanpmr,814,,✅ Published,"Morning stress ➡️ Evening calm.

Fewer scripts. Fewer worries.

Sometimes the shift isn’t just in workload—it’s in mindset. 🌙

#PharmacyTok #TitanPMR #WorkdayFeels #PharmacyShift #PharmacyEfficiency #FYP"
Jono - Video 03,TIKTOK@titanpmr,812,,✅ Published,"1,000 items. 2 staff. No time.

Titan turns chaos into clarity—with a system that just works. 🔄

#PharmacyTok #TitanPMR #PharmacyEfficiency #DigitalPharmacy #SmartWorkflows #FYP"
"🤖 AI doesn’t replace pharmacists—it empowers them. Clinical checks, dispensing support, and smooth workflows so you can focus on what really matters. #PharmacistSupport #AIPharmacy #PharmacyAutomation #PharmacyTechnology",TIKTOK@titanpmr,798,,✅ Published,
"Clear owings. Smooth batch flow. No bottlenecks at the checking stage.

This pharmacy team saw the difference by day 2 on Titan.

📦 Pick, label, pack — without pharmacist delays
👀 Full visibility of every script + owing
💬 Would this reduce stress in your pharmacy?

#TitanPMR #PharmacyWorkflow #Owings #BatchFlow #PMRSystem #PharmacistLife #NHSPharmacy #PharmacyTech #HealthcareInnovation #DispensaryEfficiency (1)","TIKTOK@titanpmr, YT@titanpmr",796,,✅ Published,"Clear owings. Smooth batch flow. No bottlenecks at the checking stage.

This pharmacy team saw the difference by day 2 on Titan.

📦 Pick, label, pack — without pharmacist delays
👀 Full visibility of every script + owing
💬 Would this reduce stress in your pharmacy?

#TitanPMR #PharmacyWorkflow #Owings #BatchFlow #PMRSystem #PharmacistLife #NHSPharmacy #PharmacyTech #HealthcareInnovation #DispensaryEfficiency"
"Clear owings. Smooth batch flow. No bottlenecks at the checking stage.

This pharmacy team saw the difference by day 2 on Titan.

📦 Pick, label, pack — without pharmacist delays
👀 Full visibility of every script + owing
💬 Would this reduce stress in your pharmacy?

#TitanPMR #PharmacyWorkflow #Owings #BatchFlow #PMRSystem #PharmacistLife #NHSPharmacy #PharmacyTech #HealthcareInnovation #DispensaryEfficiency","TIKTOK@titanpmr, YT@titanpmr",796,,✅ Published,"Clear owings. Smooth batch flow. No bottlenecks at the checking stage.

This pharmacy team saw the difference by day 2 on Titan.

📦 Pick, label, pack — without pharmacist delays
👀 Full visibility of every script + owing
💬 Would this reduce stress in your pharmacy?

#TitanPMR #PharmacyWorkflow #Owings #BatchFlow #PMRSystem #PharmacistLife #NHSPharmacy #PharmacyTech #HealthcareInnovation #DispensaryEfficiency"
Jono - Video 05,TIKTOK@titanpmr,775,,✅ Published,20 minutes in the dispensary. All day. Sounds fake… until you switch to Titan. #PharmacyOwner #PMRsystem #PharmacyWorkflow #DigitalPharmacy #PharmacyServices
Nathan - Change isn’t always easy — but the results are worth it.,TIKTOK@titanpmr,774,,✅ Published,"Change isn’t always easy — but the results are worth it.

22 branches live. Teams thriving. Time freed up. 🚀

#TitanPMR #PharmacyTok #PharmacyEfficiency #DigitalPharmacy #PharmacyInnovation #TheTitanWay #FYP"
50 flu jabs. Zero backlog.,TIKTOK@titanpmr,770,,✅ Published,"50 flu jabs. Zero backlog.

Independent prescribing is coming—and Titan’s already clearing the path. 💡

#PharmacyTok #IndependentPrescribing #PharmacyInnovation #TitanPMR #PharmacyWorkflow #FYP"
"💡 'As a dispenser, my favourite feature? Tracking patient prescriptions and managing repeats with ease!' 🏥 Titan makes ordering and nominating repeat flows a breeze. Would I recommend it? Absolutely! 💊✨ #TITANAdvantage #PharmacyEfficiency #DispenserFavourites",TIKTOK@titanpmr,764,,✅ Published,
Helen - Titan Pharmacy Training: Refining Techniques for Efficiency (1),"TIKTOK@titanpmr, YT@titanpmr",757,,✅ Published,"Already using Titan? A trainer visit helps you refine everything. Quicker, smarter, simpler. #PharmacyTraining #PMRsystem #PharmacyWorkflow #DigitalPharmacy #PharmacyLife"
Helen - Titan Pharmacy Training: Refining Techniques for Efficiency,"TIKTOK@titanpmr, YT@titanpmr",757,,✅ Published,"Already using Titan? A trainer visit helps you refine everything. Quicker, smarter, simpler. #PharmacyTraining #PMRsystem #PharmacyWorkflow #DigitalPharmacy #PharmacyLife"
"Do you think it’s benefited the branch? “Absolutely, absolutely. No doubt about it.”

Even just a few days in, the difference is clear. The implementation process has been “smooth, better than we thought,” and no more running around like headless chickens 🐓. A faster, more efficient way of working is here! ✨

Efficiency you can see from day one.
#TITANAdvantage #PharmacyEfficiency #SmoothTransition",TIKTOK@titanpmr,740,,✅ Published,
"👀 'Saw Titan at the pharmacy show and knew—it’s the future of pharmacy!' 🚀 Took the step, and now we’re ready to transform. Freeing up time, boosting services, and making a real difference. 💊✨ #TITANAdvantage #PharmacyInnovation #FutureOfPharmacy",TIKTOK@titanpmr,725,,✅ Published,
Helen - Titan Software_ Helen's Honest Review After a Rocky Start,TIKTOK@titanpmr,722,,✅ Published,Rocky start. But I love it now. Switching to Titan was worth it. #PharmacyOwner #PMRsystem #PharmacyWorkflow #PharmacyLife #DigitalPharmacy
"🔧 'How was the implementation? Fantastic!' 🌟 The Titan team responds quickly, resolves issues instantly, and makes the transition seamless—even sorting out the small stuff like scanners and drivers. 🚀💊 #TITANAdvantage #EffortlessImplementation #PharmacySupport","FB@TITAN PMR, TIKTOK@titanpmr",699,,✅ Published,
"Anina - “Batch owings? Game-changer.”
✅ Real feedback from day one
🧠 On-site training = confidence
💬 “I think we should have this trainer in the beginning.”
No regrets. Just better systems.


#TitanPMR #PharmacyWorkflow #BatchOwings #PMRSystem #PharmacyTraining #PharmacyTech #NHSPharmacy #DigitalPharmacy (1)","TIKTOK@titanpmr, YT@titanpmr",696,,✅ Published,"“Batch owings? Game-changer.”
✅ Real feedback from day one
🧠 On-site training = confidence
💬 “I think we should have this trainer in the beginning.”
No regrets. Just better systems.


#TitanPMR #PharmacyWorkflow #BatchOwings #PMRSystem #PharmacyTraining #PharmacyTech #NHSPharmacy #DigitalPharmacy"
"Anina - “Batch owings? Game-changer.”
✅ Real feedback from day one
🧠 On-site training = confidence
💬 “I think we should have this trainer in the beginning.”
No regrets. Just better systems.


#TitanPMR #PharmacyWorkflow #BatchOwings #PMRSystem #PharmacyTraining #PharmacyTech #NHSPharmacy #DigitalPharmacy","TIKTOK@titanpmr, YT@titanpmr",696,,✅ Published,"“Batch owings? Game-changer.”
✅ Real feedback from day one
🧠 On-site training = confidence
💬 “I think we should have this trainer in the beginning.”
No regrets. Just better systems.


#TitanPMR #PharmacyWorkflow #BatchOwings #PMRSystem #PharmacyTraining #PharmacyTech #NHSPharmacy #DigitalPharmacy"
First day nerves? Gone.,TIKTOK@titanpmr,693,,✅ Published,"First day nerves? Gone.

Day one with Titan—and it’s already feeling fantastic. 🌟

#TitanPMR #PharmacyTok #FirstDayWithTitan #PharmacyWorkflow #PharmacyInnovation #FYP"
"4x growth. Zero chaos. Meet Sagar 💊🚀

#PharmacyLife #PharmacyGrowth #FutureOfPharmacy (1)","TIKTOK@titanpmr, YT@titanpmr",689,,✅ Published,"Imagine spending 80% of your time on services, not the bench.

For Sagar, that is now daily reality.

Titan has completely reshaped his workflow.

From Repeat Flow and Titan Mobile to Batch Flow, 
every module helps his team dispense smoothly while he focuses on clinical care.

👉 Read his full case study: https://www.notion.so/bit.ly/4lOuT7S

#CommunityPharmacy #PharmacyOwner #PharmacyLife #PharmacyWorkflow #DigitalPharmacy #FutureOfPharmacy"
"4x growth. Zero chaos. Meet Sagar 💊🚀

#PharmacyLife #PharmacyGrowth #FutureOfPharmacy","TIKTOK@titanpmr, YT@titanpmr",689,,✅ Published,"Imagine spending 80% of your time on services, not the bench.

For Sagar, that is now daily reality.

Titan has completely reshaped his workflow.

From Repeat Flow and Titan Mobile to Batch Flow, 
every module helps his team dispense smoothly while he focuses on clinical care.

👉 Read his full case study: https://www.notion.so/bit.ly/4lOuT7S

#CommunityPharmacy #PharmacyOwner #PharmacyLife #PharmacyWorkflow #DigitalPharmacy #FutureOfPharmacy"
Elaine - BatchFlow Review_ Is It Worth It_ My 3-Day Experience (1),"TIKTOK@titanpmr, YT@titanpmr",676,,✅ Published,Only my third day using Batch Flow and it’s already quicker. Just needed to get the hang of it. #PharmacyLife #BatchFlow #PMRsystem #PharmacyWorkflow #DispensaryTech
Elaine - BatchFlow Review_ Is It Worth It_ My 3-Day Experience,"TIKTOK@titanpmr, YT@titanpmr",676,,✅ Published,Only my third day using Batch Flow and it’s already quicker. Just needed to get the hang of it. #PharmacyLife #BatchFlow #PMRsystem #PharmacyWorkflow #DispensaryTech
Less old-fashioned. More flow.,TIKTOK@titanpmr,660,,✅ Published,"Less old-fashioned. More flow.
Barcode scanning. Easier everything.
Would they go back? Never. 🔁❌
#TitanPMR #PharmacyTok #ModernPharmacy #BarcodeScanning #PharmacyInnovation #FYP #PharmacyTech 💊"
Kab - Transforming Healthcare_ The Smooth Shift to Titan PMR System,TIKTOK@titanpmr,658,,✅ Published,"Smooth switch. More time for patients.

Titan frees up your day so you can focus on what matters. ⏱️

#TitanPMR #PharmacyTok #DigitalPharmacy #PharmacyEfficiency #PharmacyInnovation #FutureOfPharmacy #FYP"
"Anina - “We thought we knew the system…”
Then on-site training unlocked the details:
🧠 Shelf setup
📦 Batch flow
💬 “We learned lots we didn’t know.”
One day. Big difference.


#TitanPMR #PharmacyTraining #PMRSystem #BatchFlow #PharmacyEfficiency #DigitalPharmacy #NHSPharmacy #PharmacistLife (1)","TIKTOK@titanpmr, YT@titanpmr",651,,✅ Published,"“We thought we knew the system…”
Then on-site training unlocked the details:
🧠 Shelf setup
📦 Batch flow
💬 “We learned lots we didn’t know.”
One day. Big difference.


#TitanPMR #PharmacyTraining #PMRSystem #BatchFlow #PharmacyEfficiency #DigitalPharmacy #NHSPharmacy #PharmacistLife"
"Anina - “We thought we knew the system…”
Then on-site training unlocked the details:
🧠 Shelf setup
📦 Batch flow
💬 “We learned lots we didn’t know.”
One day. Big difference.


#TitanPMR #PharmacyTraining #PMRSystem #BatchFlow #PharmacyEfficiency #DigitalPharmacy #NHSPharmacy #PharmacistLife","TIKTOK@titanpmr, YT@titanpmr",651,,✅ Published,"“We thought we knew the system…”
Then on-site training unlocked the details:
🧠 Shelf setup
📦 Batch flow
💬 “We learned lots we didn’t know.”
One day. Big difference.


#TitanPMR #PharmacyTraining #PMRSystem #BatchFlow #PharmacyEfficiency #DigitalPharmacy #NHSPharmacy #PharmacistLife"
"📞 ""‘Always someone on the other end of the phone to help!’
Titan makes life easier and more efficient – perfect for staying on top of everything. 💡✨

Efficiency meets support. 🚀
#TITANAdvantage #WorkSimplified #EfficiencyMatters”",TIKTOK@titanpmr,647,,✅ Published,"📞 ""‘Always someone on the other end of the phone to help!’
Titan makes life easier and more efficient – perfect for staying on top of everything. 💡✨

Efficiency meets support. 🚀
#TITANAdvantage #WorkSimplified #EfficiencyMatters”"
Pharmacy Show 2025. Already missing it.  #PharmacyShow #TitanPMR #PharmacyInnovation #DigitalPharmacy #CommunityPharmacy,"TIKTOK@titanpmr, YT@titanpmr",609,,✅ Published,"Pharmacy Show 2025.
Already missing it. 💙

#PharmacyShow #TitanPMR #PharmacyInnovation #DigitalPharmacy #CommunityPharmacy"
Used to forget the fridge meds. Now Titan shows exactly what’s in each package and where it is. Big difference. #PharmacyOwner #PMRsystem #PharmacyWorkflow #PharmacyLife #DigitalPharmacy (1),"TIKTOK@titanpmr, YT@titanpmr",585,,✅ Published,Used to forget the fridge meds. Now Titan shows exactly what’s in each package and where it is. Big difference. #PharmacyOwner #PMRsystem #PharmacyWorkflow #PharmacyLife #DigitalPharmacy
Used to forget the fridge meds. Now Titan shows exactly what’s in each package and where it is. Big difference. #PharmacyOwner #PMRsystem #PharmacyWorkflow #PharmacyLife #DigitalPharmacy,"TIKTOK@titanpmr, YT@titanpmr",585,,✅ Published,Used to forget the fridge meds. Now Titan shows exactly what’s in each package and where it is. Big difference. #PharmacyOwner #PMRsystem #PharmacyWorkflow #PharmacyLife #DigitalPharmacy
"🔍 'As a dispenser, my favourite feature? Easily tracking patient prescription stages and managing repeat flows!' 🏥 Titan simplifies everything, making it a must-have for independent pharmacies. Would I recommend it? 100%! 💊✨ #TITANAdvantage #PharmacyEfficiency #DispenserFavourites",TIKTOK@titanpmr,570,,✅ Published,
"Are you a technician? “Yes.”

How do you think it will benefit you as an individual? “It just frees me up for services and things. At the moment, I run flu and COVID clinics, so I can come and go as I please, fit in smaller tasks, and focus on my services—especially blood pressure monitoring.”

Titan supports technicians to work smarter, not harder, making it easier to balance clinics and patient care. ➡️💉🩺
#TITANAdvantage #PharmacySupport #SmarterWork","FB@TITAN PMR, TIKTOK@titanpmr",557,,✅ Published,
Pharmacy Show 2025. Already missing it.  #PharmacyShow #TitanPMR #PharmacyInnovation #DigitalPharmacy #CommunityPharmacy (1),"TIKTOK@titanpmr, YT@titanpmr",540,,✅ Published,"Pharmacy Show 2025.
Already missing it. 💙

#PharmacyShow #TitanPMR #PharmacyInnovation #DigitalPharmacy #CommunityPharmacy"
"✨ 'Day 1 with Titan, and it’s already a game changer!' From dreading the day to feeling relieved and stress-free—Titan makes everything smoother, faster, and better. 💊🚀 Here’s to the future! #TITANAdvantage #PharmacyInnovation #FirstDayWins","FB@TITAN PMR, TIKTOK@titanpmr",537,,✅ Published,
Andy - Titan Smooth Transition: Prep for a Good Journey (1),"TIKTOK@titanpmr, YT@titanpmr",532,,✅ Published,Want a smooth switch to Titan? Do your prep before the trainer arrives. Makes all the difference. #PharmacyOwner #PMRsystem #PharmacyTraining #PharmacyWorkflow #DigitalPharmacy
Andy - Titan Smooth Transition: Prep for a Good Journey,"TIKTOK@titanpmr, YT@titanpmr",532,,✅ Published,Want a smooth switch to Titan? Do your prep before the trainer arrives. Makes all the difference. #PharmacyOwner #PMRsystem #PharmacyTraining #PharmacyWorkflow #DigitalPharmacy
"🤖 'Robots doing what humans don’t need to!' Automating prescriptions with Titan lets me focus on services that matter—and bring in revenue. 💊✨ The future of pharmacy is here, and I’m already recommending it to others. 🚀 #TITANAdvantage #PharmacyInnovation #EfficiencyRedefined",TIKTOK@titanpmr,514,,✅ Published,
Kath - Titan Pharmacy Training_ Revolutionizing Pharmacist Workflows,TIKTOK@titanpmr,504,,✅ Published,Titan felt basic at first but today unlocked loads of features I’d missed. Confident now and ready to free up the pharmacist’s time. #PharmacyTraining #PMRsystem #PharmacyWorkflow #PharmacyLife #DigitalPharmacy
"💡 'Learned something new today? Absolutely!' Manage Patients is my favourite feature—everything in one place, no more backing sheets, and all done in one go. Would I go back to the old PMR? No way! 🚀💊 #TITANAdvantage #PharmacyInnovation #EfficiencySimplified",TIKTOK@titanpmr,470,,✅ Published,
Andy - Pharmacy Growth: Batch Flow & Site Expansion Success!,TIKTOK@titanpmr,450,,✅ Published,"“Any regrets?”
“Not doing it sooner.”
4 sites live. Batch Flow ready. Confidence high. #PharmacyOwner #PMRsystem #BatchFlow #PharmacyWorkflow #PharmacyTech"
"45 items. One seamless flow.
Titan’s Batch Flow lets teams run high-volume dispensing with zero stress.
Real pharmacists. Real workflows.
#TitanPMR #PharmacyWorkflow #PharmacyInnovation (1)","TIKTOK@titanpmr, YT@titanpmr",449,,✅ Published,"45 items. One seamless flow.
Titan’s Batch Flow lets teams run high-volume dispensing with zero stress.
Real pharmacists. Real workflows.
#TitanPMR #PharmacyWorkflow #PharmacyInnovation"
"45 items. One seamless flow.
Titan’s Batch Flow lets teams run high-volume dispensing with zero stress.
Real pharmacists. Real workflows.
#TitanPMR #PharmacyWorkflow #PharmacyInnovation","TIKTOK@titanpmr, YT@titanpmr",449,,✅ Published,"45 items. One seamless flow.
Titan’s Batch Flow lets teams run high-volume dispensing with zero stress.
Real pharmacists. Real workflows.
#TitanPMR #PharmacyWorkflow #PharmacyInnovation"
AI that actually helps you prescribe smarter. Titanverse makes every service feel one step ahead.,"TIKTOK@titanpmr, YT@titanpmr",436,,✅ Published,AI that actually helps you prescribe smarter. Titanverse makes every service feel one step ahead.
"💊 Want to grow your pharmacy’s revenue? It’s all about efficiency! Free up time, focus on services, and watch your business thrive. #PharmacyBusiness #PharmacyFirst #PharmacyGrowth #EfficiencyMatters",TIKTOK@titanpmr,429,,✅ Published,
"⏳ ‘It's so easy to use, and the team is always just a call away!’
Favourite feature? 💡 Once it’s clinically checked, it goes straight to the patient – no waiting for the pharmacist. 🚀

Efficiency that works for you. ✨
#TITANAdvantage #PharmacyInnovation #StreamlinedCare",TIKTOK@titanpmr,407,,✅ Published,
"Lisa - “We thought we were using it right…”
🧠 Then on-site training unlocked the full system
🕒 More time for services
💬 “Best one I’ve ever used.”
No regrets. Just freedom.


#TitanPMR #PharmacyWorkflow #PMRSystem #PharmacistTime #OnSiteTraining #DigitalPharmacy #NHSPharmacy #PharmacyTech #EfficientDispensary (1)","TIKTOK@titanpmr, YT@titanpmr",401,,✅ Published,"“We thought we were using it right…”
🧠 Then on-site training unlocked the full system
🕒 More time for services
💬 “Best one I’ve ever used.”
No regrets. Just freedom.


#TitanPMR #PharmacyWorkflow #PMRSystem #PharmacistTime #OnSiteTraining #DigitalPharmacy #NHSPharmacy #PharmacyTech #EfficientDispensary"
"Lisa - “We thought we were using it right…”
🧠 Then on-site training unlocked the full system
🕒 More time for services
💬 “Best one I’ve ever used.”
No regrets. Just freedom.


#TitanPMR #PharmacyWorkflow #PMRSystem #PharmacistTime #OnSiteTraining #DigitalPharmacy #NHSPharmacy #PharmacyTech #EfficientDispensary","TIKTOK@titanpmr, YT@titanpmr",401,,✅ Published,"“We thought we were using it right…”
🧠 Then on-site training unlocked the full system
🕒 More time for services
💬 “Best one I’ve ever used.”
No regrets. Just freedom.


#TitanPMR #PharmacyWorkflow #PMRSystem #PharmacistTime #OnSiteTraining #DigitalPharmacy #NHSPharmacy #PharmacyTech #EfficientDispensary"
"Pritee - Buried in baskets. Stuck checking for hours.

That was Pritee’s reality at Howletts Pharmacy.

Now it’s calm, digital-first, and service-led:
✔ 6,500 items a month
✔ 60% AI-checked
✔ 2–3 private consults every day

This is what pharmacy looks like when tech frees people to focus on patients.

#PharmacyLife #Pharmacist #CommunityPharmacy #DigitalPharmacy #PharmacyWorkflow #TitanPMR #AIinPharmacy (1)","TIKTOK@titanpmr, YT@titanpmr",395,,✅ Published,"Buried in baskets. Stuck checking for hours.

That was Pritee’s reality at Howletts Pharmacy.

Now it’s calm, digital-first, and service-led:
✔ 6,500 items a month
✔ 60% AI-checked
✔ 2–3 private consults every day

This is what pharmacy looks like when tech frees people to focus on patients.

#PharmacyLife #Pharmacist #CommunityPharmacy #DigitalPharmacy #PharmacyWorkflow #TitanPMR #AIinPharmacy"
"Pritee - Buried in baskets. Stuck checking for hours.

That was Pritee’s reality at Howletts Pharmacy.

Now it’s calm, digital-first, and service-led:
✔ 6,500 items a month
✔ 60% AI-checked
✔ 2–3 private consults every day

This is what pharmacy looks like when tech frees people to focus on patients.

#PharmacyLife #Pharmacist #CommunityPharmacy #DigitalPharmacy #PharmacyWorkflow #TitanPMR #AIinPharmacy","TIKTOK@titanpmr, YT@titanpmr",395,,✅ Published,"Buried in baskets. Stuck checking for hours.

That was Pritee’s reality at Howletts Pharmacy.

Now it’s calm, digital-first, and service-led:
✔ 6,500 items a month
✔ 60% AI-checked
✔ 2–3 private consults every day

This is what pharmacy looks like when tech frees people to focus on patients.

#PharmacyLife #Pharmacist #CommunityPharmacy #DigitalPharmacy #PharmacyWorkflow #TitanPMR #AIinPharmacy"
"⏳ ‘Would you go back to your old PMR system?’
💬 ‘Definitely not.’

Titan’s bulk ordering feature is already a game-changer, saving time for those who handle ordering themselves. 💡✨

More time, less hassle. 🚀
#TITANAdvantage #PharmacyEfficiency #BulkOrdering",TIKTOK@titanpmr,371,,✅ Published,
🙅‍♀️ 'Would I go back to the old PMR? Definitely not!' Titan has exceeded expectations with amazing support and game-changing features like Batch Flow and Titan X. 🚀 Can’t wait for Titan Vice next! 💊✨ #TITANAdvantage #PharmacyInnovation #NoLookingBack,TIKTOK@titanpmr,348,,✅ Published,
"Ivan - Titan at Rexall_ Faster Prescription Filling, Stress-Free (1)","TIKTOK@titanpmr, YT@titanpmr",341,,✅ Published,"🕒 No more guessing where a prescription is
💊 Faster handouts, smoother workflow
🙌 Less pressure on pharmacists

Ivan’s already seeing the benefits at Rexall Chemist — and it’s only day 1.

💬 Would real-time script visibility make a difference in your pharmacy?

#TitanPMR #PharmacyWorkflow #PrescriptionVisibility #NHSPharmacy #PharmacistSupport #ModernPharmacy #PMRUpgrade #PharmacyTech
"
"Ivan - Titan at Rexall_ Faster Prescription Filling, Stress-Free","TIKTOK@titanpmr, YT@titanpmr",341,,✅ Published,"🕒 No more guessing where a prescription is
💊 Faster handouts, smoother workflow
🙌 Less pressure on pharmacists

Ivan’s already seeing the benefits at Rexall Chemist — and it’s only day 1.

💬 Would real-time script visibility make a difference in your pharmacy?

#TitanPMR #PharmacyWorkflow #PrescriptionVisibility #NHSPharmacy #PharmacistSupport #ModernPharmacy #PMRUpgrade #PharmacyTech
"
Treat your PMR training day like gold. Don’t waste it on the basics. Titan’s like a self-checkout—intuitive from day one. #PharmacyTraining #PMRsystem #PharmacyOwner #PharmacyTips #PharmacyWorkflow (1),"TIKTOK@titanpmr, YT@titanpmr",337,,✅ Published,Treat your PMR training day like gold. Don’t waste it on the basics. Titan’s like a self-checkout—intuitive from day one. #PharmacyTraining #PMRsystem #PharmacyOwner #PharmacyTips #PharmacyWorkflow
Treat your PMR training day like gold. Don’t waste it on the basics. Titan’s like a self-checkout—intuitive from day one. #PharmacyTraining #PMRsystem #PharmacyOwner #PharmacyTips #PharmacyWorkflow,"TIKTOK@titanpmr, YT@titanpmr",337,,✅ Published,Treat your PMR training day like gold. Don’t waste it on the basics. Titan’s like a self-checkout—intuitive from day one. #PharmacyTraining #PMRsystem #PharmacyOwner #PharmacyTips #PharmacyWorkflow
Elaine - 26 baskets if I need to. Alphabetical picking. Batch Flow flying. Just don’t ask me to reach basket 10. #PharmacyLife #BatchFlow #PharmacyWorkflow #PMRsystem #DispensaryTeam,"TIKTOK@titanpmr, YT@titanpmr",333,,✅ Published,26 baskets if I need to. Alphabetical picking. Batch Flow flying. Just don’t ask me to reach basket 10. #PharmacyLife #BatchFlow #PharmacyWorkflow #PMRsystem #DispensaryTeam
"💡 'TITAN handles the mundane, so I don’t have to.' It’s a total game changer—see it in action at a pharmacy near you. Once you do, you’ll be ready to make the switch! 🚀💊 #TITANAdvantage #PharmacyInnovation #LevelUpYourPharmacy",TIKTOK@titanpmr,331,,✅ Published,
"⏳ 'Already seeing improvements in time!' Titan frees up my day as a pharmacist, letting me focus on travel clinics, COVID vaccinations, and more. 💊✨ More time, more impact. 🚀 #TITANAdvantage #PharmacyInnovation #TimeWellSpent",TIKTOK@titanpmr,299,,✅ Published,
"📲 'Electronic repeat dispensing made EASY!' Titan automatically schedules downloads, reduces phone calls, and lets patients relax. Flexible, efficient, and a real game-changer for our pharmacy! 💊✨ #TITANAdvantage #PharmacyInnovation #EfficiencyMadeSimple",TIKTOK@titanpmr,274,,✅ Published,
"🚀 Say goodbye to bottlenecks and hello to efficiency! With TITAN, clinical checks happen upfront, streamlining the process and reducing dispensing errors to nearly ZERO. 💊✨ Ready to revolutionise your pharmacy? #PharmacyInnovation #Efficiency #TITANAdvantage",TIKTOK@titanpmr,268,,✅ Published,
Jono - Video 04,TIKTOK@titanpmr,216,,✅ Published,What got you here won’t get you there. It’s time for a PMR built for what’s next. #PharmacyOwner #DigitalPharmacy #PMRsystem #PharmacyWorkflow #PharmacyFuture
"“When the team’s smiling, you know the training worked.” 😊
From setup to support — this is what switching to Titan actually feels like.
#PharmacyLife #TitanPMR #PharmacyTeam #PharmacyTraining (1)","TIKTOK@titanpmr, YT@titanpmr",91,,✅ Published,"“When the team’s smiling, you know the training worked.” 😊
From setup to support — this is what switching to Titan actually feels like.
#PharmacyLife #TitanPMR #PharmacyTeam #PharmacyTraining"
"“When the team’s smiling, you know the training worked.” 😊
From setup to support — this is what switching to Titan actually feels like.
#PharmacyLife #TitanPMR #PharmacyTeam #PharmacyTraining","TIKTOK@titanpmr, YT@titanpmr",91,,✅ Published,"“When the team’s smiling, you know the training worked.” 😊
From setup to support — this is what switching to Titan actually feels like.
#PharmacyLife #TitanPMR #PharmacyTeam #PharmacyTraining"
Loop - Pharmacy is moving fast… is your PMR keeping up?,TIKTOK@titanpmr,86,,✅ Published,"Pharmacy is moving fast… is your PMR keeping up?

#TitanPMR #PharmacyTok #PharmacyInnovation #DigitalPharmacy #PharmacyEfficiency #FutureOfPharmacy #PharmacyTechnology #PMR #FYP"
"Will Titan be at the Pharmacy Show this year?

Hmm, let us think.

👉 Of course we will. (1)","TIKTOK@titanpmr, YT@titanpmr",69,,✅ Published,"Will Titan be at the Pharmacy Show this year?

Hmm, let us think.

👉 Of course we will."
"Will Titan be at the Pharmacy Show this year?

Hmm, let us think.

👉 Of course we will.","TIKTOK@titanpmr, YT@titanpmr",69,,✅ Published,"Will Titan be at the Pharmacy Show this year?

Hmm, let us think.

👉 Of course we will."
"Nav shows how Titan’s audit trail keeps every script safe ✅
From download to handout — you see exactly who did what, when.
Less stress. Fewer mistakes. Happier patients.

#pharmacy #pharmacylife #communitypharmacy #healthtech #TitanPMR #pmrreimagined #AIinHealthcare (1)","FB@TITAN PMR, TIKTOK@titanpmr, YT@titanpmr",9,,✅ Published,"Nav shows how Titan’s audit trail keeps every script safe ✅
From download to handout — you see exactly who did what, when.
Less stress. Fewer mistakes. Happier patients.

#pharmacy #pharmacylife #communitypharmacy #healthtech #TitanPMR #pmrreimagined #AIinHealthcare"
"Nav shows how Titan’s audit trail keeps every script safe ✅
From download to handout — you see exactly who did what, when.
Less stress. Fewer mistakes. Happier patients.

#pharmacy #pharmacylife #communitypharmacy #healthtech #TitanPMR #pmrreimagined #AIinHealthcare","FB@TITAN PMR, TIKTOK@titanpmr, YT@titanpmr",9,,✅ Published,"Nav shows how Titan’s audit trail keeps every script safe ✅
From download to handout — you see exactly who did what, when.
Less stress. Fewer mistakes. Happier patients.

#pharmacy #pharmacylife #communitypharmacy #healthtech #TitanPMR #pmrreimagined #AIinHealthcare"
"⏳ 'Shorter wait times, smoother processes, and prescriptions ready on the shelves!' With Titan, we’re cutting down waiting times and making everything more efficient—for both staff and customers. 💊✨ #TITANAdvantage #PharmacyEfficiency #CustomerFirst",TIKTOK@titanpmr,,,✅ Published,
"👍 'Would I recommend Titan? Absolutely!' Already spreading the word—next stop, Nottingham! 🚀 Transform your pharmacy with Titan and see the benefits firsthand. 💊✨ #TITANAdvantage #PharmacyInnovation #WordOfMouth",TIKTOK@titanpmr,,,✅ Published,
"🎥 ""Would we go back to our old PMR system? NEVER. 🚫 With TitanX, pharmacists spend less time checking and more time engaging with NHS priorities where the funding is. 💊✨ Empowered dispensers, streamlined workflows, and fewer phone calls—it's a game-changer! 📞✅ #TITANAdvantage #PharmacyInnovation #EfficiencyMatters”",TIKTOK@titanpmr,,,✅ Published,
"🎥 ""Would we go back to our old PMR system? NO, THANK YOU! 🙅‍♀️ Quicker, more efficient, and a game-changer for pharmacists and patients alike. 🕒✨ From 'boop' to done—it's that fast! 💊💨 #TITANAdvantage #PharmacyEfficiency #NoGoingBack”",TIKTOK@titanpmr,,,✅ Published,
"⏳ 'More time for patients, less time on admin!' TITAN’s efficiency lets pharmacists focus on what truly matters—providing exceptional care. 💊✨ #TITANAdvantage #PharmacyEfficiency #PatientFirst",TIKTOK@titanpmr,,,✅ Published,
"📈 'TITAN makes claiming easier and our business more efficient!' From smoother operations to better customer service, patients can’t stop praising us! 💬✨ #TITANAdvantage #PharmacyEfficiency #CustomerSatisfaction",TIKTOK@titanpmr,,,✅ Published,
"📞 'Support when you need it, solutions in minutes!' The TITAN implementation process has been seamless from day one. Newton Pharmacy says THANK YOU for making life easier! 💊✨ #TITANAdvantage #PharmacySupport #EffortlessTransition",TIKTOK@titanpmr,,,✅ Published,
"✨ 'My favourite feature? The EDO!' Simple, time-saving, and a total game-changer for filing, clinical checks, and managing Owings. 📦💻 Ready to streamline your pharmacy? 💊 #TITANAdvantage #PharmacyEfficiency #Innovation",TIKTOK@titanpmr,,,✅ Published,
"🏠 'Now I get home on time every night.' With TITAN, it's not just about efficiency—it's about happier staff, satisfied patients, and skyrocketing services 📈 (from 30 to 180 NMS/month!). 💊✨ #TITANAdvantage #PharmacyInnovation #WorkSmart",TIKTOK@titanpmr,,,✅ Published,
"💡 From late nights and burnout to more time, happier staff, and skyrocketing services (30 to 180 NMS/month! 🚀). Ready to transform your pharmacy and say goodbye to your old PMR? 💊✨ #TITANAdvantage #PharmacyInnovation #Efficiency",TIKTOK@titanpmr,,,✅ Published,
"💬 'I was sceptical at first, but TITAN has exceeded expectations!' 🌍 Work from anywhere, eliminate bottlenecks, and reduce dispensing errors to nearly ZERO. Ready for the leap? 🚀 #PharmacyInnovation #TITANAdvantage #Efficiency",TIKTOK@titanpmr,,,✅ Published,
"✨ 'Titan's been a real game changer.' Before TITAN: late nights, stress, burnout. After TITAN: more capacity, less stress, and a better work-life balance. 🌟 Ready to transform your pharmacy? 💊 #TITANAdvantage #PharmacyInnovation #WorkLifeBalance",TIKTOK@titanpmr,,,✅ Published,
"Say goodbye to pharmacy errors with TITAN! 🚫💊 Our advanced AI and barcode tech ensure every prescription is checked, safe, and error-free. 💻✨ Experience smoother workflows and focus on what matters most—your patients! 🌟 #PharmacyTech #PatientSafety #TITANAdvantage",TIKTOK@titanpmr,,,✅ Published,
"⭐️ ‘Absolutely recommend it!’ When independent pharmacies trust TITAN to drive efficiency and growth, you know it works. 💡 Ready to transform your pharmacy? #PharmacyInnovation #TITANAdvantage #CustomerLove",TIKTOK@titanpmr,,,✅ Published,